cell_barcode,total_microbial_reads,n_species,dominant_species,dominant_fraction,shannon_diversity
CCGGTCACGGCTACAA,8,5,Megeuptychia antonoe (taxid 270084),0.25,1.5596
GGACTTCCAATATACG,8,5,Spatula rhynchotis (taxid 45633),0.375,1.4942
AGGAAGTGATCCTTTT,8,4,Spatula rhynchotis (taxid 45633),0.375,1.3209
AACTCATAATGTTAGT,8,4,Staphylococcus aureus (taxid 1280),0.375,1.3209
GAGAACGCTGTACCCA,8,6,Klebsiella pneumoniae (taxid 573),0.25,1.7329
CAGGGTAGACCTGGTC,8,4,Spatula rhynchotis (taxid 45633),0.375,1.2555
GAAGGTGAGCGGTCCC,8,4,Sphaerobacter (taxid 2056),0.375,1.3209
CTATTATGTCTCAGTC,8,4,Spatula rhynchotis (taxid 45633),0.5,1.213
GATGCTGCAGCTATTA,8,5,Prevotella (taxid 838),0.25,1.5596
TGTGAATACGTACTCG,8,3,Escherichia coli (taxid 562),0.5,1.0397
ATCAGGGCAGAGACGA,8,5,Sphaerobacter (taxid 2056),0.25,1.5596
TAAAGTACCGTCCGCC,8,6,Klebsiella pneumoniae (taxid 573),0.25,1.7329
GTTCATCGGTGCAAAA,8,5,Escherichia coli (taxid 562),0.25,1.5596
CCTTCCCCGATACTAC,8,5,Escherichia coli (taxid 562),0.25,1.5596
TAACGGCAGCACCGTT,8,5,Megeuptychia antonoe (taxid 270084),0.375,1.4942
AATGCTTGTAGGTCGC,8,5,Klebsiella pneumoniae (taxid 573),0.375,1.4942
TCGAGTTCAGCCACGC,8,3,Staphylococcus aureus (taxid 1280),0.625,0.9003
TGCTAAAGTGACTGTA,8,4,Klebsiella pneumoniae (taxid 573),0.375,1.3209
CCTGGCGTGCGATGGG,8,3,Staphylococcus aureus (taxid 1280),0.5,0.9743
ACGTCTGGAGACTTTA,8,5,Klebsiella pneumoniae (taxid 573),0.25,1.5596
GTCTGTACGGTAGGCT,8,3,Escherichia coli (taxid 562),0.625,0.9003
GCCGTCTGAGAAGCGC,8,5,Escherichia coli (taxid 562),0.25,1.5596
GTGACTAGTGGACACG,8,4,Prevotella (taxid 838),0.375,1.3209
GCGTGTTAAAGGTGGG,8,4,Escherichia coli (taxid 562),0.5,1.213
TTCTACACTGCATTTA,8,3,Escherichia coli (taxid 562),0.625,0.9003
CTTGGCTACATTCCTG,8,6,Prevotella (taxid 838),0.25,1.7329
AAGGTGCGGTTGCGGC,8,6,Prevotella (taxid 838),0.25,1.7329
TGAGGGGGCTTTCAAG,8,4,Spatula rhynchotis (taxid 45633),0.5,1.213
GACGGGGTGGTTGTGT,8,4,Escherichia coli (taxid 562),0.375,1.3209
CCTCTTGGGCATCTGG,8,5,Prevotella (taxid 838),0.375,1.4942
TGACCTCGCCATCGGA,8,6,Klebsiella pneumoniae (taxid 573),0.25,1.7329
ACGGGCGCCTCTGGCC,8,7,Escherichia coli (taxid 562),0.25,1.9062
TTTCTCCCGAATATTC,8,3,Prevotella (taxid 838),0.5,1.0397
AGAACGGAGGAATCGC,8,3,Klebsiella pneumoniae (taxid 573),0.75,0.7356
CTGAATACGGCAACGT,8,6,Spatula rhynchotis (taxid 45633),0.25,1.7329
GACCACCCTAGCCCTT,8,4,Klebsiella pneumoniae (taxid 573),0.375,1.2555
AGAGTACACCAAGCGC,8,3,Escherichia coli (taxid 562),0.5,1.0397
AAATTCTAATTACAGG,8,3,Escherichia coli (taxid 562),0.75,0.7356
GACTTCGAGGCCAACC,8,5,Megeuptychia antonoe (taxid 270084),0.25,1.5596
TCTGCGGTTTATAGAA,8,5,Escherichia coli (taxid 562),0.5,1.3863
GACTAAGCGGAAAGGT,8,4,Escherichia coli (taxid 562),0.375,1.2555
AAGGGCCGCAGATCGT,8,4,Klebsiella pneumoniae (taxid 573),0.5,1.213
TTCCCCCATTGCGGCG,8,5,Staphylococcus aureus (taxid 1280),0.375,1.4942
GGAACTAGAAAGACGG,8,3,Escherichia coli (taxid 562),0.5,1.0397
ATAGTGTCAATTGACT,8,4,Prevotella (taxid 838),0.375,1.2555
ATGTCACATTGGGGTT,8,5,Escherichia coli (taxid 562),0.375,1.4942
TTCTTGTACGGTTGCC,8,4,Prevotella (taxid 838),0.375,1.3209
GCGCGCACGAGAACAA,8,5,Prevotella (taxid 838),0.375,1.4942
TTTGAAATCTCATGGG,8,5,Staphylococcus aureus (taxid 1280),0.5,1.3863
CAACCGCTTTTCCTAT,8,5,Klebsiella pneumoniae (taxid 573),0.375,1.4942
GCCCGAATTAAATCTC,8,3,Klebsiella pneumoniae (taxid 573),0.375,1.0822
ACGTAAAGACCACCGC,8,4,Staphylococcus aureus (taxid 1280),0.5,1.213
GAACGTTTTGCAATGC,8,5,Prevotella (taxid 838),0.375,1.4942
ATGCTTACGACTCGGT,8,4,Klebsiella pneumoniae (taxid 573),0.5,1.213
TAGATCTAGATTGGAC,8,5,Escherichia coli (taxid 562),0.5,1.3863
GCACAGAATCCGGGTC,8,4,Klebsiella pneumoniae (taxid 573),0.25,1.3863
CTCAGAAGGACATTAC,8,6,Escherichia coli (taxid 562),0.375,1.6675
TTAGTGCTACAGCTAC,8,5,Spatula rhynchotis (taxid 45633),0.375,1.4942
GGAATAACGGAACAGT,8,5,Prevotella (taxid 838),0.375,1.4942
AACTCCCTAATCCCAT,8,4,Escherichia coli (taxid 562),0.5,1.213
ACAGTCGGATACGGAC,8,5,Megeuptychia antonoe (taxid 270084),0.25,1.5596
GCTAGACCATGTAGGA,8,4,Staphylococcus aureus (taxid 1280),0.375,1.3209
GTCCGTTTGTTACCCT,8,5,Prevotella (taxid 838),0.375,1.4942
AACCGGCGAGGATGCA,8,5,Staphylococcus aureus (taxid 1280),0.25,1.5596
TAGCTAGACCAGCGTA,8,4,Staphylococcus aureus (taxid 1280),0.375,1.2555
CACTCTCACTTGATCC,8,6,Escherichia coli (taxid 562),0.25,1.7329
TTTGTAGTAGTAGTCA,8,4,Prevotella (taxid 838),0.5,1.213
GTTGATCGGTGAGGTA,8,5,Escherichia coli (taxid 562),0.25,1.5596
CACGTCGCCCCAGTCG,8,6,Klebsiella pneumoniae (taxid 573),0.375,1.6675
TTCATTGTACCAATGC,8,5,Prevotella (taxid 838),0.375,1.4942
CCGAGTAGCTGCTGCA,8,4,Klebsiella pneumoniae (taxid 573),0.5,1.213
GGAAACAAATCATGCC,8,5,Klebsiella pneumoniae (taxid 573),0.25,1.5596
TGGGATTGAGACAGCA,8,4,Staphylococcus aureus (taxid 1280),0.375,1.3209
AACTCTCGGTGCTCGG,8,3,Klebsiella pneumoniae (taxid 573),0.5,0.9743
TACGCGCGTTTCAAAT,8,5,Prevotella (taxid 838),0.375,1.4942
GACCAGGATACATAAT,8,4,Prevotella (taxid 838),0.375,1.2555
TTGGACTTGTTCTTGG,8,5,Sphaerobacter (taxid 2056),0.375,1.4942
ACTATGGGACTGTGCT,8,3,Prevotella (taxid 838),0.625,0.9003
CGCACAACCTACGGGG,8,5,Megeuptychia antonoe (taxid 270084),0.5,1.3863
TAGATGTAGCCTAACC,8,4,Escherichia coli (taxid 562),0.5,1.213
ATTCCCATTTACGATC,8,3,Staphylococcus aureus (taxid 1280),0.5,1.0397
TTCCGCAACGAGTCGG,8,4,Megeuptychia antonoe (taxid 270084),0.5,1.213
CTGACCAGGGTACGGG,8,3,Staphylococcus aureus (taxid 1280),0.625,0.9003
AAGATGTTGTCAGTGC,8,6,Klebsiella pneumoniae (taxid 573),0.25,1.7329
GGCTGCAAGCACCTCA,8,4,Spatula rhynchotis (taxid 45633),0.5,1.213
GGAGGCAGCTACGAAA,8,4,Staphylococcus aureus (taxid 1280),0.625,1.0735
GCAGAAATGCGGTACG,8,3,Klebsiella pneumoniae (taxid 573),0.5,0.9743
TGGCGGCGAACTGTGT,8,5,Klebsiella pneumoniae (taxid 573),0.375,1.4942
ACCCTTTCGTTGTACC,8,4,Staphylococcus aureus (taxid 1280),0.375,1.2555
TGGAATGCCCCAGCAT,8,4,Staphylococcus aureus (taxid 1280),0.375,1.2555
ATGGGACATAAGACTC,8,5,Staphylococcus aureus (taxid 1280),0.25,1.5596
CCCCTACTATTGTCTT,8,4,Prevotella (taxid 838),0.5,1.213
CCATGGATTAATGTTT,8,6,Escherichia coli (taxid 562),0.25,1.7329
AGAATAATCAACAAAG,8,4,Prevotella (taxid 838),0.5,1.213
AAAGCTCTAGGGCGTA,8,5,Prevotella (taxid 838),0.375,1.4942
AAAGTAGCCTTGCTCC,8,5,Prevotella (taxid 838),0.375,1.4942
TTTCAAAGATAGAGTG,8,4,Spatula rhynchotis (taxid 45633),0.375,1.3209
TAAATTCACCGCGGTT,8,6,Prevotella (taxid 838),0.375,1.6675
TGACGACCTACGACGC,8,4,Klebsiella pneumoniae (taxid 573),0.375,1.3209
CAGAACACCCTTCTCA,8,5,Escherichia coli (taxid 562),0.5,1.3863
CATCACCTATTAGGTT,8,4,Escherichia coli (taxid 562),0.625,1.0735
GTAAAAGATTTGCGCG,8,5,Staphylococcus aureus (taxid 1280),0.375,1.4942
AATTATTATATCATCG,8,5,Staphylococcus aureus (taxid 1280),0.5,1.3863
CCTGACGAGGCCAAGG,8,5,Megeuptychia antonoe (taxid 270084),0.25,1.5596
TCAGAACCGGTTCCCG,8,4,Spatula rhynchotis (taxid 45633),0.375,1.3209
CTTCAAAATCTTTCTG,8,4,Staphylococcus aureus (taxid 1280),0.375,1.2555
AGACAGAAGGTTGTCC,8,3,Escherichia coli (taxid 562),0.625,0.9003
CTTTGCGCTCTTCTGT,8,4,Staphylococcus aureus (taxid 1280),0.375,1.3209
CCAGCTCTAGCAAGTA,8,4,Staphylococcus aureus (taxid 1280),0.5,1.213
AGTAGAATTTGACTCG,8,7,Staphylococcus aureus (taxid 1280),0.25,1.9062
TTTTTGGAAAGTCTAG,8,5,Megeuptychia antonoe (taxid 270084),0.25,1.5596
ACCGACATATGGCGGG,8,5,Sphaerobacter (taxid 2056),0.25,1.5596
TTTTCGTCAGCGCTAT,8,5,Prevotella (taxid 838),0.375,1.4942
TAACGGACGGGCTCAA,8,6,Prevotella (taxid 838),0.375,1.6675
GTCTTCACGGAGCCAG,8,5,Spatula rhynchotis (taxid 45633),0.25,1.5596
CGGGCCCAGTGTGAGA,8,5,Staphylococcus aureus (taxid 1280),0.375,1.4942
AAAACTTGCCCCTCTC,8,5,Staphylococcus aureus (taxid 1280),0.25,1.5596
CGCCGCACTTAGTGTG,8,2,Klebsiella pneumoniae (taxid 573),0.5,0.6931
AGTAATTCTCTAGAGA,8,5,Megeuptychia antonoe (taxid 270084),0.375,1.4942
GAGAGTACCTACTATA,8,4,Escherichia coli (taxid 562),0.375,1.3209
GACACACCGGGTCAGC,8,5,Klebsiella pneumoniae (taxid 573),0.375,1.4942
TCACTCTCGAAACCGG,8,5,Escherichia coli (taxid 562),0.25,1.5596
CGGCACCAGTGAATTC,8,4,Klebsiella pneumoniae (taxid 573),0.375,1.3209
GGTGTGGGTGTACGGT,8,3,Prevotella (taxid 838),0.625,0.9003
GGCCTGGGTGCCCCTG,8,5,Prevotella (taxid 838),0.375,1.4942
CTAGCAGCATTACCGC,8,3,Prevotella (taxid 838),0.5,0.9743
GCTGTTCACTCCATAT,8,4,Spatula rhynchotis (taxid 45633),0.375,1.2555
AGGGTGGGAGTGTCCG,8,4,Staphylococcus aureus (taxid 1280),0.375,1.3209
TGGACTATGGCCTGGA,8,5,Escherichia coli (taxid 562),0.375,1.4942
TGTGGTCTCTGAGCAA,8,5,Escherichia coli (taxid 562),0.375,1.4942
ACCCAGGAGTGACATG,8,4,Spatula rhynchotis (taxid 45633),0.375,1.3209
TTCACAACGATCCAGT,8,5,Escherichia coli (taxid 562),0.375,1.4942
AGTAGCGGAATGAGCA,8,4,Spatula rhynchotis (taxid 45633),0.5,1.213
CGAGCAGCACAAGGCG,8,4,Escherichia coli (taxid 562),0.5,1.213
TGGGGGAACAAGCAGA,8,4,Megeuptychia antonoe (taxid 270084),0.5,1.213
GCTGCCATAGAACCAC,8,4,Prevotella (taxid 838),0.5,1.213
GTGGTGCGTGTAACGA,8,3,Escherichia coli (taxid 562),0.5,0.9743
GTTCCAGCGCCGAAGG,8,3,Prevotella (taxid 838),0.375,1.0822
CGAACGAAACAGAGCA,8,5,Spatula rhynchotis (taxid 45633),0.375,1.4942
AACATACCGAGACATG,8,5,Prevotella (taxid 838),0.375,1.4942
GAGAGGGAGCATGGCT,8,6,Escherichia coli (taxid 562),0.375,1.6675
AGAATTGACACGTAGA,8,5,Klebsiella pneumoniae (taxid 573),0.375,1.4942
ACAACGGTCCTAGATA,8,4,Staphylococcus aureus (taxid 1280),0.5,1.213
AAGCGGACTCCTACAT,8,4,Klebsiella pneumoniae (taxid 573),0.375,1.3209
CGCACAGGGACAGATT,8,4,Staphylococcus aureus (taxid 1280),0.625,1.0735
AGCCTAGCGGGAGGAT,8,4,Staphylococcus aureus (taxid 1280),0.375,1.3209
TCGTCTATTCCCATGT,8,6,Staphylococcus aureus (taxid 1280),0.25,1.7329
ATAGATCGAGTCTAAG,8,4,Prevotella (taxid 838),0.375,1.2555
AGTCGTGCCGGGGGCT,8,6,Prevotella (taxid 838),0.25,1.7329
CATCCAGAACGAGCTA,8,3,Prevotella (taxid 838),0.375,1.0822
GCAGGTCTGTACTCGT,8,6,Prevotella (taxid 838),0.25,1.7329
ACAACTACAGCCCCCA,8,4,Escherichia coli (taxid 562),0.375,1.3209
ATGCTGCGTGACCTCC,8,4,Escherichia coli (taxid 562),0.375,1.3209
GATGCTAGTGTCTATA,8,4,Klebsiella pneumoniae (taxid 573),0.625,1.0735
CGCAATCAAACGTTCG,8,6,Sphaerobacter (taxid 2056),0.25,1.7329
CCGAAAGCACCGGATA,8,3,Staphylococcus aureus (taxid 1280),0.625,0.9003
CCTGTCTATAGTTGTC,8,6,Klebsiella pneumoniae (taxid 573),0.375,1.6675
AATAGGGTCGGCCAAT,8,4,Megeuptychia antonoe (taxid 270084),0.375,1.3209
GAGTCATGCTAGCAAG,8,5,Megeuptychia antonoe (taxid 270084),0.25,1.5596
TTCCTGGAAAAGGCGA,8,6,Escherichia coli (taxid 562),0.25,1.7329
CGTCGAGGGCACCATG,8,5,Sphaerobacter (taxid 2056),0.375,1.4942
GTGGGAGTTTCTAAAA,8,6,Prevotella (taxid 838),0.25,1.7329
CCGGTACTGCGAAATA,8,6,Spatula rhynchotis (taxid 45633),0.375,1.6675
TTGAAAGAGTGAGTGC,8,3,Spatula rhynchotis (taxid 45633),0.5,0.9743
CTCACCCGATGTCAGT,8,4,Prevotella (taxid 838),0.375,1.2555
GGAAGACAGCGCTATG,8,4,Escherichia coli (taxid 562),0.625,1.0735
GACTGTTGCCGTCTCA,8,5,Klebsiella pneumoniae (taxid 573),0.25,1.5596
GGACGGGATCATCTAT,8,5,Staphylococcus aureus (taxid 1280),0.25,1.5596
TAAATTACCAAATAGT,8,3,Escherichia coli (taxid 562),0.375,1.0822
CTTTGTCTGAGGCTGG,8,5,Escherichia coli (taxid 562),0.375,1.4942
CGGTCTCGCCGGAACC,8,4,Klebsiella pneumoniae (taxid 573),0.5,1.213
AAAGGTGAAGATGTAC,8,4,Megeuptychia antonoe (taxid 270084),0.375,1.3209
TCGTCCCCGTTCCTGC,8,4,Prevotella (taxid 838),0.375,1.2555
AGGTTAAGACGGGTTC,8,5,Staphylococcus aureus (taxid 1280),0.375,1.4942
TACGTATATATCCTCA,8,5,Prevotella (taxid 838),0.25,1.5596
AGTTCGCGGAGTCACA,8,4,Spatula rhynchotis (taxid 45633),0.375,1.2555
GCTGGTTACGGTACTA,8,5,Escherichia coli (taxid 562),0.375,1.4942
AGGTAATTAAGACAGA,8,5,Staphylococcus aureus (taxid 1280),0.25,1.5596
TAGCACTGTAACGCCT,8,4,Staphylococcus aureus (taxid 1280),0.5,1.213
ACAGCCCTTTCAATCA,8,6,Megeuptychia antonoe (taxid 270084),0.25,1.7329
CAGGAGACAGGCTCAT,8,5,Spatula rhynchotis (taxid 45633),0.375,1.4942
ACGAACGTGACTACCG,8,5,Klebsiella pneumoniae (taxid 573),0.375,1.4942
ATTCGGAATCCTGACA,8,4,Klebsiella pneumoniae (taxid 573),0.375,1.3209
TACATATAGCTGTCAA,8,3,Klebsiella pneumoniae (taxid 573),0.5,0.9743
GCGCCTATAAAGCCAC,8,5,Prevotella (taxid 838),0.5,1.3863
TCCAATCCTATCTTGT,8,4,Klebsiella pneumoniae (taxid 573),0.375,1.3209
CCGGGACGAGGCCCGC,8,5,Staphylococcus aureus (taxid 1280),0.375,1.4942
CCCTCGACCGCTCACC,8,5,Prevotella (taxid 838),0.375,1.4942
CCGTGGATGACGATGG,8,4,Escherichia coli (taxid 562),0.375,1.3209
AAACAGGTAGATAATT,8,3,Escherichia coli (taxid 562),0.375,1.0822
ACTAAATACAAGTCCA,8,4,Staphylococcus aureus (taxid 1280),0.375,1.3209
GAGGTTGGGAAGCCAA,8,6,Staphylococcus aureus (taxid 1280),0.25,1.7329
TATTGGGATAACGCCG,8,6,Megeuptychia antonoe (taxid 270084),0.375,1.6675
CCAAGGTTTCGGATTG,8,4,Megeuptychia antonoe (taxid 270084),0.625,1.0735
ATTGAATGTTGTCCGC,8,4,Prevotella (taxid 838),0.5,1.213
TCCCTCCCTTATGACG,8,5,Escherichia coli (taxid 562),0.5,1.3863
CACTGGTAGACACTGT,8,4,Megeuptychia antonoe (taxid 270084),0.375,1.3209
TTTACGGGATGGGCAA,8,4,Escherichia coli (taxid 562),0.5,1.213
CTGCGAGGAATCCGCA,8,5,Escherichia coli (taxid 562),0.375,1.4942
TCGAGACACTTGATTT,8,5,Escherichia coli (taxid 562),0.25,1.5596
CGGCGAAAGGGGCGCA,8,6,Spatula rhynchotis (taxid 45633),0.375,1.6675
TCGAGGGACACGCGCC,8,5,Megeuptychia antonoe (taxid 270084),0.375,1.4942
GGATCTCAACAACGGA,8,4,Prevotella (taxid 838),0.25,1.3863
ATGACCCAAAGCCGGC,8,6,Escherichia coli (taxid 562),0.375,1.6675
CCTTCCCTTAACTTTC,8,4,Staphylococcus aureus (taxid 1280),0.5,1.213
AATCTAGGGCAGTCCG,8,7,Klebsiella pneumoniae (taxid 573),0.25,1.9062
TCACCTACAGCCTGGT,8,4,Prevotella (taxid 838),0.375,1.3209
TGATGAACCACCATGT,8,4,Staphylococcus aureus (taxid 1280),0.5,1.213
TCATTTCATGTGTGTT,8,4,Megeuptychia antonoe (taxid 270084),0.375,1.2555
GAATGTAAGGAGGAAG,8,5,Staphylococcus aureus (taxid 1280),0.25,1.5596
CGGTCTGTCAGTCGGA,8,6,Prevotella (taxid 838),0.25,1.7329
CTTTGCCCTTTGCGTG,8,4,Spatula rhynchotis (taxid 45633),0.375,1.3209
CATGCGCACAATTCAT,8,6,Staphylococcus aureus (taxid 1280),0.25,1.7329
CTCTGGACCACCACTA,8,4,Klebsiella pneumoniae (taxid 573),0.375,1.3209
TTACGAAATAGAGGGA,8,4,Prevotella (taxid 838),0.5,1.213
GGTCCACGTTGCCTTT,8,6,Staphylococcus aureus (taxid 1280),0.25,1.7329
GATAGGTCTGCACAGT,8,5,Spatula rhynchotis (taxid 45633),0.375,1.4942
AGCTCCCAGACGTAAT,8,4,Prevotella (taxid 838),0.375,1.2555
TACGCCTGACCCATGT,8,4,Klebsiella pneumoniae (taxid 573),0.5,1.213
TCTTTTTGAGCACTGT,8,3,Megeuptychia antonoe (taxid 270084),0.75,0.7356
TCAGGGCTCTTTGAGA,8,4,Spatula rhynchotis (taxid 45633),0.5,1.213
TTCAGGCCTAATAAAC,8,5,Prevotella (taxid 838),0.25,1.5596
GCTTTCTGGATAGTTA,8,4,Spatula rhynchotis (taxid 45633),0.5,1.213
AGTCATTATTCCAATC,8,4,Prevotella (taxid 838),0.375,1.3209
TCTCGCCAGACCCCCT,8,5,Megeuptychia antonoe (taxid 270084),0.25,1.5596
AGATGGACGCTGATGA,8,5,Klebsiella pneumoniae (taxid 573),0.375,1.4942
CGGCAGGCGTGCGGCT,8,4,Prevotella (taxid 838),0.5,1.213
GAGGGCCTGGTAGTGT,8,3,Staphylococcus aureus (taxid 1280),0.625,0.9003
TCGGGGAATCGAGCAA,8,4,Escherichia coli (taxid 562),0.375,1.3209
ACATCGGGATAGGTTG,8,7,Staphylococcus aureus (taxid 1280),0.25,1.9062
TCTGGGTTACACGCGA,8,5,Prevotella (taxid 838),0.25,1.5596
CGACCTTAACGCTTGG,8,4,Escherichia coli (taxid 562),0.5,1.213
TTTATTAACGATGGCA,8,5,Klebsiella pneumoniae (taxid 573),0.375,1.4942
GTAGAGCCTCTGTGGG,8,5,Prevotella (taxid 838),0.25,1.5596
TTGGGGTTGAGCGTTG,8,4,Staphylococcus aureus (taxid 1280),0.375,1.3209
AGATTTTGTGAGTAAT,8,5,Prevotella (taxid 838),0.375,1.4942
GTAGAACTTATACTTA,8,3,Staphylococcus aureus (taxid 1280),0.375,1.0822
CAGAGCGCAGTAATTT,8,3,Klebsiella pneumoniae (taxid 573),0.5,1.0397
GTCACCGAATGCTAGT,8,5,Sphaerobacter (taxid 2056),0.25,1.5596
ACATTTCCCACCGAGC,8,5,Klebsiella pneumoniae (taxid 573),0.375,1.4942
AGGAACTTGCCTCGGC,8,3,Prevotella (taxid 838),0.5,1.0397
AATCACATCGAGCTTG,8,4,Staphylococcus aureus (taxid 1280),0.5,1.213
GTCGGGCGTGAGGATC,8,5,Staphylococcus aureus (taxid 1280),0.375,1.4942
CACTGTCCAATGTCTT,8,4,Megeuptychia antonoe (taxid 270084),0.375,1.2555
TCTGTAGGCGGTTTCA,8,5,Escherichia coli (taxid 562),0.25,1.5596
TAATCATATCTCGCTC,8,5,Spatula rhynchotis (taxid 45633),0.25,1.5596
ATTCCTGGTTCCTTTT,8,4,Escherichia coli (taxid 562),0.375,1.3209
TGCCACTTTATTTATT,8,5,Prevotella (taxid 838),0.375,1.4942
CGTCCTGGTACTGCAG,8,3,Escherichia coli (taxid 562),0.375,1.0822
TGGTCCAGGTACCCAT,8,6,Staphylococcus aureus (taxid 1280),0.25,1.7329
ATAATATAATGTAGCC,8,5,Klebsiella pneumoniae (taxid 573),0.375,1.4942
GGTGATCATCAACTTA,8,4,Spatula rhynchotis (taxid 45633),0.375,1.3209
GCACAACCGTCAAAGG,8,5,Escherichia coli (taxid 562),0.375,1.4942
AAAGCCTCGCCCCAGG,8,6,Staphylococcus aureus (taxid 1280),0.375,1.6675
AGCTTCATACCAGGAC,8,4,Escherichia coli (taxid 562),0.375,1.3209
TTTTTAAACATTCCAA,8,5,Staphylococcus aureus (taxid 1280),0.25,1.5596
CGGTCGACATTGTGTT,8,5,Klebsiella pneumoniae (taxid 573),0.375,1.4942
AGAACATTCCTTGTAG,8,5,Escherichia coli (taxid 562),0.25,1.5596
GCACTAGCCCGAATTC,8,7,Klebsiella pneumoniae (taxid 573),0.25,1.9062
CAACGAAGGGAACTTA,8,5,Klebsiella pneumoniae (taxid 573),0.5,1.3863
ACTCGACGACTATGAA,8,4,Staphylococcus aureus (taxid 1280),0.375,1.3209
AGCATAGTGCAGATGC,8,4,Megeuptychia antonoe (taxid 270084),0.5,1.213
CCGCAAGCCCATCGGT,8,5,Prevotella (taxid 838),0.5,1.3863
CAACCTGGTAGTAAAA,8,4,Staphylococcus aureus (taxid 1280),0.5,1.213
CCCCACGGAGTAAAGT,8,5,Klebsiella pneumoniae (taxid 573),0.5,1.3863
CGTCTAAGTGCGTCTG,8,5,Escherichia coli (taxid 562),0.375,1.4942
ACAACTACCGAACTGC,8,5,Klebsiella pneumoniae (taxid 573),0.375,1.4942
CCTAGCGGGGATCCAT,8,3,Klebsiella pneumoniae (taxid 573),0.5,0.9743
CGAGCAGTTTATTTAG,8,4,Klebsiella pneumoniae (taxid 573),0.375,1.3209
AGTTGAGATCATACGC,8,4,Staphylococcus aureus (taxid 1280),0.375,1.2555
ACTCCACAAGTCTGCC,8,5,Sphaerobacter (taxid 2056),0.375,1.4942
ACGAGATAGAGTTTTA,8,5,Prevotella (taxid 838),0.375,1.4942
AACTGGAGGTTATATG,8,6,Prevotella (taxid 838),0.375,1.6675
GGCTGTCCTCTTGGTA,8,5,Spatula rhynchotis (taxid 45633),0.375,1.4942
TCCCACTGTGGGACCA,8,4,Klebsiella pneumoniae (taxid 573),0.375,1.2555
GCGTTGGACCCACTCT,8,4,Prevotella (taxid 838),0.375,1.3209
GGTACAGTCTGACACT,8,4,Escherichia coli (taxid 562),0.5,1.213
AGGAGACTACTCTACT,8,3,Staphylococcus aureus (taxid 1280),0.5,1.0397
CCAACAGCGAGGTTTG,8,6,Sphaerobacter (taxid 2056),0.25,1.7329
GACGAAGTTGCAGTGG,8,4,Megeuptychia antonoe (taxid 270084),0.375,1.2555
TCTCCGGCTTGTCCTC,8,4,Spatula rhynchotis (taxid 45633),0.375,1.3209
GGGAGTGTACGTAAAC,8,3,Staphylococcus aureus (taxid 1280),0.375,1.0822
AACGGTCCACATGTAC,8,4,Megeuptychia antonoe (taxid 270084),0.5,1.213
GTTCAATGTATCCCTG,8,4,Escherichia coli (taxid 562),0.375,1.3209
TGACGTATTTGTGCTG,8,5,Prevotella (taxid 838),0.375,1.4942
AAGGCATAGCTACATG,8,3,Escherichia coli (taxid 562),0.5,0.9743
TGCCGGCTACACTTCG,8,5,Spatula rhynchotis (taxid 45633),0.375,1.4942
ACCGTGCGTAACATTA,8,5,Klebsiella pneumoniae (taxid 573),0.375,1.4942
TGACATACGGGGTTAA,8,4,Escherichia coli (taxid 562),0.375,1.3209
GCCACGCGTTATTTTA,8,4,Megeuptychia antonoe (taxid 270084),0.375,1.3209
GCTATCCGTTCCAGAA,8,4,Megeuptychia antonoe (taxid 270084),0.375,1.3209
CTCTTGAAGTTGATGA,8,4,Staphylococcus aureus (taxid 1280),0.375,1.3209
GCGCCATGGACCGGCG,8,5,Staphylococcus aureus (taxid 1280),0.375,1.4942
GAAGAGCCTCGATAGT,8,4,Prevotella (taxid 838),0.5,1.213
ACAACGATGTCGGGGG,8,3,Megeuptychia antonoe (taxid 270084),0.625,0.9003
ACCGTCTCTGGTTATC,7,3,Staphylococcus aureus (taxid 1280),0.7143,0.7963
TGATTGGTGGAGTCTC,7,4,Staphylococcus aureus (taxid 1280),0.2857,1.3518
CTAGACAGGCGTACCT,7,4,Escherichia coli (taxid 562),0.4286,1.277
GCCGCCTTTGTTGCGT,7,5,Escherichia coli (taxid 562),0.4286,1.4751
GATAGACCCCCCTAAA,7,5,Staphylococcus aureus (taxid 1280),0.2857,1.5498
