cell_barcode,Escherichia coli (taxid 562),Prevotella (taxid 838),Staphylococcus aureus (taxid 1280),Klebsiella pneumoniae (taxid 573),Spatula rhynchotis (taxid 45633),Megeuptychia antonoe (taxid 270084),Sphaerobacter (taxid 2056)
GGACTTCCAATATACG,1,1,0,2,3,0,1
AGGAAGTGATCCTTTT,1,2,0,2,3,0,0
AACTCATAATGTTAGT,2,2,3,0,1,0,0
GAGAACGCTGTACCCA,1,2,0,2,1,1,1
CAGGGTAGACCTGGTC,3,0,0,1,3,1,0
GAAGGTGAGCGGTCCC,0,0,0,2,1,2,3
CTATTATGTCTCAGTC,2,1,0,0,4,0,1
GATGCTGCAGCTATTA,2,2,1,0,2,0,1
TGTGAATACGTACTCG,4,0,2,2,0,0,0
ATCAGGGCAGAGACGA,1,2,0,1,0,2,2
TAAAGTACCGTCCGCC,1,1,1,2,0,2,1
CGTCTAAGTGCGTCTG,3,0,1,2,1,0,1
ACCGTCTCTGGTTATC,1,0,5,0,0,1,0
ACAACGATGTCGGGGG,0,2,1,0,0,5,0
GAAGAGCCTCGATAGT,0,4,1,1,2,0,0
GCGCCATGGACCGGCG,1,1,3,0,2,1,0
CTCTTGAAGTTGATGA,2,2,3,0,1,0,0
GCTATCCGTTCCAGAA,2,1,0,0,2,3,0
GCCACGCGTTATTTTA,0,0,1,2,2,3,0
TGACATACGGGGTTAA,3,0,2,2,1,0,0
ACCGTGCGTAACATTA,1,1,2,3,0,1,0
TGCCGGCTACACTTCG,0,1,2,1,3,1,0
AAGGCATAGCTACATG,4,3,0,0,1,0,0
TGACGTATTTGTGCTG,1,3,1,1,2,0,0
GTTCAATGTATCCCTG,3,2,1,2,0,0,0
AACGGTCCACATGTAC,1,0,0,1,2,4,0
GGGAGTGTACGTAAAC,0,0,3,3,2,0,0
TCTCCGGCTTGTCCTC,1,0,0,2,3,2,0
TTCCCCCATTGCGGCG,1,2,3,0,1,1,0
AAGGGCCGCAGATCGT,1,0,0,4,1,0,2
GACTAAGCGGAAAGGT,3,0,1,0,1,0,3
TCTGCGGTTTATAGAA,4,1,1,1,1,0,0
GACTTCGAGGCCAACC,1,1,0,2,2,2,0
AAATTCTAATTACAGG,6,0,0,1,0,0,1
AGAGTACACCAAGCGC,4,2,0,2,0,0,0
GACCACCCTAGCCCTT,1,0,1,3,0,0,3
CTGAATACGGCAACGT,1,1,0,1,2,1,2
AGAACGGAGGAATCGC,0,0,1,6,1,0,0
TTTCTCCCGAATATTC,0,4,0,0,2,2,0
ACGGGCGCCTCTGGCC,2,1,1,1,1,1,1
TGACCTCGCCATCGGA,1,1,1,2,0,1,2
CCTCTTGGGCATCTGG,1,3,1,0,1,2,0
GACGGGGTGGTTGTGT,3,1,2,2,0,0,0
TGAGGGGGCTTTCAAG,1,0,0,2,4,1,0
GGAATAACGGAACAGT,2,3,1,1,1,0,0
TTAGTGCTACAGCTAC,1,1,0,1,3,2,0
CTCAGAAGGACATTAC,3,1,1,1,1,0,1
GCACAGAATCCGGGTC,2,0,2,2,0,0,2
TAGATCTAGATTGGAC,4,1,1,1,1,0,0
ATGCTTACGACTCGGT,2,1,0,4,0,0,1
GAACGTTTTGCAATGC,1,3,2,1,1,0,0
ACGTAAAGACCACCGC,2,1,4,0,1,0,0
GCCCGAATTAAATCTC,2,0,3,3,0,0,0
CAACCGCTTTTCCTAT,1,1,0,3,0,2,1
TTTGAAATCTCATGGG,1,1,4,1,0,1,0
GCGCGCACGAGAACAA,2,3,1,1,1,0,0
TTCTTGTACGGTTGCC,1,3,2,2,0,0,0
ATGTCACATTGGGGTT,3,0,1,2,1,1,0
ATAGTGTCAATTGACT,0,3,1,1,3,0,0
GGAACTAGAAAGACGG,4,2,0,2,0,0,0
TACGCGCGTTTCAAAT,1,3,2,1,0,0,1
AACTCTCGGTGCTCGG,3,0,0,4,1,0,0
TGGGATTGAGACAGCA,0,2,3,0,2,0,1
GGAAACAAATCATGCC,0,2,1,2,0,2,1
CCGAGTAGCTGCTGCA,2,1,0,4,1,0,0
TTCATTGTACCAATGC,2,3,0,1,1,0,1
CACGTCGCCCCAGTCG,1,1,1,3,1,1,0
GTTGATCGGTGAGGTA,2,1,0,1,2,0,2
TTTGTAGTAGTAGTCA,0,4,1,2,0,1,0
CACTCTCACTTGATCC,2,1,2,1,1,1,0
TAGCTAGACCAGCGTA,1,3,3,0,1,0,0
AACCGGCGAGGATGCA,0,1,2,1,2,2,0
GTCCGTTTGTTACCCT,2,3,0,1,0,1,1
GCTAGACCATGTAGGA,0,2,3,2,1,0,0
ACAGTCGGATACGGAC,0,1,2,0,1,2,2
AACTCCCTAATCCCAT,4,0,2,1,1,0,0
TGGAATGCCCCAGCAT,1,1,3,3,0,0,0
ACCCTTTCGTTGTACC,0,3,3,1,0,0,1
TGGCGGCGAACTGTGT,1,1,2,3,1,0,0
GCAGAAATGCGGTACG,0,1,0,4,0,0,3
GGAGGCAGCTACGAAA,0,1,5,0,1,1,0
GGCTGCAAGCACCTCA,0,2,0,1,4,1,0
AAGATGTTGTCAGTGC,1,1,0,2,1,2,1
GCCGCCTTTGTTGCGT,3,1,1,0,1,0,1
CTGACCAGGGTACGGG,2,0,5,0,0,1,0
TTCCGCAACGAGTCGG,0,0,0,1,1,4,2
ATTCCCATTTACGATC,2,2,4,0,0,0,0
TAGATGTAGCCTAACC,4,0,0,2,1,0,1
CGCACAACCTACGGGG,0,1,1,1,0,4,1
ACTATGGGACTGTGCT,0,5,0,0,2,1,0
TTGGACTTGTTCTTGG,0,1,1,0,2,1,3
GACCAGGATACATAAT,0,3,1,0,3,1,0
CTTCAAAATCTTTCTG,3,1,3,0,0,1,0
TCAGAACCGGTTCCCG,2,0,1,2,3,0,0
CCTGACGAGGCCAAGG,0,2,0,2,1,2,1
AATTATTATATCATCG,1,1,4,0,1,0,1
GTAAAAGATTTGCGCG,1,2,3,1,1,0,0
CATCACCTATTAGGTT,5,1,1,0,0,0,1
CAGAACACCCTTCTCA,4,0,1,1,1,1,0
TGACGACCTACGACGC,2,0,2,3,0,0,1
TAAATTCACCGCGGTT,1,3,1,1,1,1,0
TTTCAAAGATAGAGTG,0,1,2,0,3,2,0
AAAGTAGCCTTGCTCC,2,3,1,1,0,1,0
AAAGCTCTAGGGCGTA,0,3,1,1,2,1,0
AGAATAATCAACAAAG,0,4,1,1,0,2,0
CCATGGATTAATGTTT,2,2,1,1,0,1,1
CCCCTACTATTGTCTT,1,4,1,0,2,0,0
ATGGGACATAAGACTC,0,2,2,1,2,0,1
TCACTCTCGAAACCGG,2,2,2,1,0,0,1
GACACACCGGGTCAGC,1,1,2,3,0,0,1
GAGAGTACCTACTATA,3,0,2,1,0,0,2
AGTAATTCTCTAGAGA,0,1,1,2,1,3,0
CGCCGCACTTAGTGTG,4,0,0,4,0,0,0
AAAACTTGCCCCTCTC,2,2,2,1,1,0,0
CGGGCCCAGTGTGAGA,2,0,3,1,1,1,0
GTCTTCACGGAGCCAG,1,1,0,2,2,2,0
TAACGGACGGGCTCAA,1,3,1,1,1,0,1
TTTTCGTCAGCGCTAT,0,3,0,1,2,1,1
ACCGACATATGGCGGG,0,1,0,1,2,2,2
TTTTTGGAAAGTCTAG,1,0,1,0,2,2,2
AGTAGAATTTGACTCG,1,1,2,1,1,1,1
CCAGCTCTAGCAAGTA,2,1,4,1,0,0,0
CTTTGCGCTCTTCTGT,2,0,3,1,0,2,0
AGACAGAAGGTTGTCC,5,1,2,0,0,0,0
GTTCCAGCGCCGAAGG,0,3,2,0,3,0,0
GTGGTGCGTGTAACGA,4,0,3,0,1,0,0
GCTGCCATAGAACCAC,2,4,1,1,0,0,0
TGGGGGAACAAGCAGA,1,0,0,1,2,4,0
CGAGCAGCACAAGGCG,4,1,0,1,0,0,2
AGTAGCGGAATGAGCA,2,0,1,1,4,0,0
TTCACAACGATCCAGT,3,1,1,0,1,2,0
ACCCAGGAGTGACATG,1,0,2,2,3,0,0
TGTGGTCTCTGAGCAA,3,1,2,1,0,1,0
TGGACTATGGCCTGGA,3,1,1,2,1,0,0
AGGGTGGGAGTGTCCG,2,0,3,2,1,0,0
GCTGTTCACTCCATAT,0,1,3,1,3,0,0
CTAGCAGCATTACCGC,1,4,3,0,0,0,0
GGCCTGGGTGCCCCTG,0,3,1,2,1,0,1
GGTGTGGGTGTACGGT,0,5,0,0,0,2,1
CGGCACCAGTGAATTC,2,0,2,3,0,0,1
GATGCTAGTGTCTATA,0,1,1,5,0,0,1
ATGCTGCGTGACCTCC,3,2,1,0,2,0,0
ACAACTACAGCCCCCA,3,1,0,2,0,0,2
GCAGGTCTGTACTCGT,1,2,2,1,1,1,0
CATCCAGAACGAGCTA,3,3,0,2,0,0,0
AGTCGTGCCGGGGGCT,1,2,1,1,2,1,0
ATAGATCGAGTCTAAG,1,3,0,3,0,0,1
TCGTCTATTCCCATGT,1,1,2,1,2,1,0
AGCCTAGCGGGAGGAT,2,0,3,2,1,0,0
CGCACAGGGACAGATT,1,0,5,1,1,0,0
AAGCGGACTCCTACAT,1,2,2,3,0,0,0
ACAACGGTCCTAGATA,2,1,4,0,1,0,0
AGAATTGACACGTAGA,0,1,1,3,1,2,0
GAGAGGGAGCATGGCT,3,1,1,1,1,0,1
AACATACCGAGACATG,1,3,1,1,2,0,0
CGAACGAAACAGAGCA,1,0,0,1,3,2,1
CTTTGTCTGAGGCTGG,3,1,1,1,0,0,2
TAAATTACCAAATAGT,3,0,3,2,0,0,0
GGACGGGATCATCTAT,2,2,2,0,1,1,0
GACTGTTGCCGTCTCA,0,2,2,2,1,1,0
GGAAGACAGCGCTATG,5,1,0,1,1,0,0
CTCACCCGATGTCAGT,1,3,3,1,0,0,0
TTGAAAGAGTGAGTGC,0,0,3,0,4,0,1
CCGGTACTGCGAAATA,1,1,1,1,3,0,1
GTGGGAGTTTCTAAAA,2,2,1,1,1,1,0
CGTCGAGGGCACCATG,2,1,1,0,0,1,3
TTCCTGGAAAAGGCGA,2,2,1,1,1,0,1
GAGTCATGCTAGCAAG,1,2,0,2,1,2,0
AATAGGGTCGGCCAAT,0,2,0,1,2,3,0
CCTGTCTATAGTTGTC,1,1,1,3,1,0,1
CCGAAAGCACCGGATA,1,2,5,0,0,0,0
CGCAATCAAACGTTCG,1,1,1,1,2,0,2
TCCAATCCTATCTTGT,2,1,2,3,0,0,0
GCGCCTATAAAGCCAC,0,4,1,1,1,1,0
TACATATAGCTGTCAA,3,1,0,4,0,0,0
ATTCGGAATCCTGACA,0,2,1,3,2,0,0
ACGAACGTGACTACCG,2,1,1,3,0,0,1
CAGGAGACAGGCTCAT,1,1,1,0,3,0,2
ACAGCCCTTTCAATCA,0,2,1,1,1,2,1
TAGCACTGTAACGCCT,2,0,4,1,1,0,0
AGGTAATTAAGACAGA,1,2,2,2,1,0,0
GCTGGTTACGGTACTA,3,1,1,0,2,1,0
AGTTCGCGGAGTCACA,0,1,1,0,3,3,0
TACGTATATATCCTCA,1,2,0,2,1,2,0
AGGTTAAGACGGGTTC,1,2,3,0,0,1,1
TCGTCCCCGTTCCTGC,1,3,0,3,1,0,0
AAAGGTGAAGATGTAC,1,0,0,2,2,3,0
CGGTCTCGCCGGAACC,0,0,2,4,1,1,0
TCGAGGGACACGCGCC,1,1,0,1,2,3,0
CGGCGAAAGGGGCGCA,1,1,0,1,3,1,1
TCGAGACACTTGATTT,2,2,1,0,1,0,2
CTGCGAGGAATCCGCA,3,0,1,1,2,1,0
TTTACGGGATGGGCAA,4,1,0,2,0,1,0
CACTGGTAGACACTGT,0,2,1,2,0,3,0
TCCCTCCCTTATGACG,4,1,1,1,1,0,0
ATTGAATGTTGTCCGC,0,4,0,1,1,2,0
CCAAGGTTTCGGATTG,0,0,1,1,0,5,1
TATTGGGATAACGCCG,1,1,0,1,1,3,1
GAGGTTGGGAAGCCAA,0,2,2,1,1,1,1
ACTAAATACAAGTCCA,2,1,3,2,0,0,0
AAACAGGTAGATAATT,3,0,3,2,0,0,0
CCGTGGATGACGATGG,3,0,1,2,2,0,0
CCCTCGACCGCTCACC,1,3,0,1,1,2,0
CCGGGACGAGGCCCGC,0,2,3,0,1,1,1
AGCTCCCAGACGTAAT,3,3,0,0,0,1,1
GATAGGTCTGCACAGT,2,0,1,1,3,0,1
GGTCCACGTTGCCTTT,2,1,2,1,1,0,1
TTACGAAATAGAGGGA,1,4,2,0,1,0,0
CTCTGGACCACCACTA,1,2,2,3,0,0,0
CATGCGCACAATTCAT,1,1,2,2,1,1,0
CTTTGCCCTTTGCGTG,1,2,0,0,3,2,0
CGGTCTGTCAGTCGGA,2,2,1,1,1,1,0
GAATGTAAGGAGGAAG,2,1,2,2,0,1,0
TCATTTCATGTGTGTT,1,1,0,0,0,3,3
TGATGAACCACCATGT,2,1,4,0,0,1,0
TCACCTACAGCCTGGT,2,3,0,0,0,1,2
AATCTAGGGCAGTCCG,1,1,1,2,1,1,1
CCTTCCCTTAACTTTC,0,2,4,1,0,1,0
ATGACCCAAAGCCGGC,3,1,1,1,1,0,1
GGATCTCAACAACGGA,2,2,2,0,2,0,0
TTTATTAACGATGGCA,1,2,1,3,1,0,0
CGACCTTAACGCTTGG,4,0,2,0,1,1,0
TCTGGGTTACACGCGA,0,2,2,1,2,0,1
CTAGACAGGCGTACCT,3,1,2,1,0,0,0
ACATCGGGATAGGTTG,1,1,2,1,1,1,1
TCGGGGAATCGAGCAA,3,1,2,2,0,0,0
GAGGGCCTGGTAGTGT,2,0,5,0,0,0,1
CGGCAGGCGTGCGGCT,0,4,2,0,0,1,1
AGATGGACGCTGATGA,1,2,1,3,1,0,0
TCTCGCCAGACCCCCT,2,1,1,0,0,2,2
AGTCATTATTCCAATC,0,3,0,2,2,0,1
GCTTTCTGGATAGTTA,2,1,1,0,4,0,0
TTCAGGCCTAATAAAC,2,2,0,1,2,0,1
TCAGGGCTCTTTGAGA,1,0,2,0,4,1,0
TCTTTTTGAGCACTGT,1,1,0,0,0,6,0
TACGCCTGACCCATGT,0,1,2,4,1,0,0
CGTCCTGGTACTGCAG,3,0,0,2,0,3,0
TGCCACTTTATTTATT,0,3,2,1,1,1,0
ATTCCTGGTTCCTTTT,3,0,2,1,0,2,0
TAATCATATCTCGCTC,0,2,1,0,2,2,1
TCTGTAGGCGGTTTCA,2,2,2,0,1,0,1
CACTGTCCAATGTCTT,3,0,0,1,1,3,0
GTCGGGCGTGAGGATC,2,1,3,1,1,0,0
AATCACATCGAGCTTG,1,2,4,0,1,0,0
AGGAACTTGCCTCGGC,2,4,2,0,0,0,0
ACATTTCCCACCGAGC,2,1,1,3,1,0,0
GTCACCGAATGCTAGT,0,2,1,2,1,0,2
CAGAGCGCAGTAATTT,2,0,2,4,0,0,0
GTAGAACTTATACTTA,2,3,3,0,0,0,0
AGATTTTGTGAGTAAT,0,3,2,1,1,0,1
TTGGGGTTGAGCGTTG,2,1,3,2,0,0,0
GTAGAGCCTCTGTGGG,2,2,1,2,0,0,1
CCCCACGGAGTAAAGT,1,1,0,4,1,1,0
CAACCTGGTAGTAAAA,2,1,4,0,0,1,0
CCGCAAGCCCATCGGT,1,4,1,1,1,0,0
AGCATAGTGCAGATGC,1,2,0,0,1,4,0
ACTCGACGACTATGAA,1,2,3,2,0,0,0
CAACGAAGGGAACTTA,1,1,1,4,1,0,0
GCACTAGCCCGAATTC,1,1,1,2,1,1,1
AGAACATTCCTTGTAG,2,1,0,2,2,1,0
CGGTCGACATTGTGTT,2,0,1,3,1,0,1
TTTTTAAACATTCCAA,1,2,2,2,1,0,0
AGCTTCATACCAGGAC,3,2,0,2,0,1,0
AAAGCCTCGCCCCAGG,1,1,3,1,0,1,1
GCACAACCGTCAAAGG,3,1,1,0,1,2,0
GGTGATCATCAACTTA,1,2,2,0,3,0,0
ATAATATAATGTAGCC,2,1,0,3,1,1,0
TGGTCCAGGTACCCAT,1,1,2,2,0,1,1
AAGGTGCGGTTGCGGC,1,2,1,1,1,2,0
CTTGGCTACATTCCTG,0,2,2,1,1,1,1
TTCTACACTGCATTTA,5,0,0,2,1,0,0
GCGTGTTAAAGGTGGG,4,2,0,1,0,1,0
GTGACTAGTGGACACG,0,3,2,1,2,0,0
GATAGACCCCCCTAAA,1,1,2,2,0,1,0
GCCGTCTGAGAAGCGC,2,1,0,2,1,0,2
GTCTGTACGGTAGGCT,5,0,1,2,0,0,0
ACGTCTGGAGACTTTA,2,1,1,2,2,0,0
CCTGGCGTGCGATGGG,3,0,4,0,0,0,1
TGCTAAAGTGACTGTA,0,1,0,3,2,0,2
TCGAGTTCAGCCACGC,2,0,5,1,0,0,0
AATGCTTGTAGGTCGC,0,1,1,3,1,2,0
TAACGGCAGCACCGTT,0,1,0,1,2,3,1
CCTTCCCCGATACTAC,2,1,2,2,0,0,1
GTTCATCGGTGCAAAA,2,1,2,2,1,0,0
GACGAAGTTGCAGTGG,1,0,0,1,3,3,0
CCAACAGCGAGGTTTG,1,1,1,1,2,0,2
AGGAGACTACTCTACT,2,0,4,2,0,0,0
GGTACAGTCTGACACT,4,1,2,1,0,0,0
GCGTTGGACCCACTCT,2,3,1,2,0,0,0
TCCCACTGTGGGACCA,3,1,1,3,0,0,0
GGCTGTCCTCTTGGTA,1,1,0,0,3,2,1
AACTGGAGGTTATATG,1,3,1,1,1,0,1
TGATTGGTGGAGTCTC,2,0,2,1,2,0,0
ACGAGATAGAGTTTTA,1,3,1,2,0,1,0
ACTCCACAAGTCTGCC,1,2,0,1,1,0,3
AGTTGAGATCATACGC,1,3,3,0,1,0,0
CGAGCAGTTTATTTAG,1,2,2,3,0,0,0
CCTAGCGGGGATCCAT,1,3,0,4,0,0,0
ACAACTACCGAACTGC,1,2,0,3,1,0,1
CCGGTCACGGCTACAA,2,1,1,0,2,2,0
