cell_barcode,species,count,fraction
GGACTTCCAATATACG,Klebsiella pneumoniae (taxid 573),2,0.25
GGACTTCCAATATACG,Sphaerobacter (taxid 2056),1,0.125
GGACTTCCAATATACG,Spatula rhynchotis (taxid 45633),3,0.375
GGACTTCCAATATACG,Prevotella (taxid 838),1,0.125
GGACTTCCAATATACG,Escherichia coli (taxid 562),1,0.125
AGGAAGTGATCCTTTT,Klebsiella pneumoniae (taxid 573),2,0.25
AGGAAGTGATCCTTTT,Spatula rhynchotis (taxid 45633),3,0.375
AGGAAGTGATCCTTTT,Escherichia coli (taxid 562),1,0.125
AGGAAGTGATCCTTTT,Prevotella (taxid 838),2,0.25
AACTCATAATGTTAGT,Staphylococcus aureus (taxid 1280),3,0.375
AACTCATAATGTTAGT,Prevotella (taxid 838),2,0.25
AACTCATAATGTTAGT,Escherichia coli (taxid 562),2,0.25
AACTCATAATGTTAGT,Spatula rhynchotis (taxid 45633),1,0.125
GAGAACGCTGTACCCA,Klebsiella pneumoniae (taxid 573),2,0.25
GAGAACGCTGTACCCA,Prevotella (taxid 838),2,0.25
GAGAACGCTGTACCCA,Spatula rhynchotis (taxid 45633),1,0.125
GAGAACGCTGTACCCA,Escherichia coli (taxid 562),1,0.125
GAGAACGCTGTACCCA,Megeuptychia antonoe (taxid 270084),1,0.125
GAGAACGCTGTACCCA,Sphaerobacter (taxid 2056),1,0.125
CAGGGTAGACCTGGTC,Spatula rhynchotis (taxid 45633),3,0.375
CAGGGTAGACCTGGTC,Escherichia coli (taxid 562),3,0.375
CAGGGTAGACCTGGTC,Klebsiella pneumoniae (taxid 573),1,0.125
CAGGGTAGACCTGGTC,Megeuptychia antonoe (taxid 270084),1,0.125
GAAGGTGAGCGGTCCC,Klebsiella pneumoniae (taxid 573),2,0.25
GAAGGTGAGCGGTCCC,Sphaerobacter (taxid 2056),3,0.375
GAAGGTGAGCGGTCCC,Megeuptychia antonoe (taxid 270084),2,0.25
GAAGGTGAGCGGTCCC,Spatula rhynchotis (taxid 45633),1,0.125
CTATTATGTCTCAGTC,Sphaerobacter (taxid 2056),1,0.125
CTATTATGTCTCAGTC,Spatula rhynchotis (taxid 45633),4,0.5
CTATTATGTCTCAGTC,Escherichia coli (taxid 562),2,0.25
CTATTATGTCTCAGTC,Prevotella (taxid 838),1,0.125
GATGCTGCAGCTATTA,Prevotella (taxid 838),2,0.25
GATGCTGCAGCTATTA,Staphylococcus aureus (taxid 1280),1,0.125
GATGCTGCAGCTATTA,Escherichia coli (taxid 562),2,0.25
GATGCTGCAGCTATTA,Spatula rhynchotis (taxid 45633),2,0.25
GATGCTGCAGCTATTA,Sphaerobacter (taxid 2056),1,0.125
TGTGAATACGTACTCG,Klebsiella pneumoniae (taxid 573),2,0.25
TGTGAATACGTACTCG,Escherichia coli (taxid 562),4,0.5
TGTGAATACGTACTCG,Staphylococcus aureus (taxid 1280),2,0.25
ATCAGGGCAGAGACGA,Sphaerobacter (taxid 2056),2,0.25
ATCAGGGCAGAGACGA,Prevotella (taxid 838),2,0.25
ATCAGGGCAGAGACGA,Megeuptychia antonoe (taxid 270084),2,0.25
ATCAGGGCAGAGACGA,Escherichia coli (taxid 562),1,0.125
ATCAGGGCAGAGACGA,Klebsiella pneumoniae (taxid 573),1,0.125
TAAAGTACCGTCCGCC,Staphylococcus aureus (taxid 1280),1,0.125
TAAAGTACCGTCCGCC,Klebsiella pneumoniae (taxid 573),2,0.25
TAAAGTACCGTCCGCC,Sphaerobacter (taxid 2056),1,0.125
TAAAGTACCGTCCGCC,Megeuptychia antonoe (taxid 270084),2,0.25
TAAAGTACCGTCCGCC,Escherichia coli (taxid 562),1,0.125
TAAAGTACCGTCCGCC,Prevotella (taxid 838),1,0.125
CGTCTAAGTGCGTCTG,Staphylococcus aureus (taxid 1280),1,0.125
CGTCTAAGTGCGTCTG,Klebsiella pneumoniae (taxid 573),2,0.25
CGTCTAAGTGCGTCTG,Escherichia coli (taxid 562),3,0.375
CGTCTAAGTGCGTCTG,Spatula rhynchotis (taxid 45633),1,0.125
CGTCTAAGTGCGTCTG,Sphaerobacter (taxid 2056),1,0.125
ACCGTCTCTGGTTATC,Staphylococcus aureus (taxid 1280),5,0.7142857142857143
ACCGTCTCTGGTTATC,Escherichia coli (taxid 562),1,0.14285714285714285
ACCGTCTCTGGTTATC,Megeuptychia antonoe (taxid 270084),1,0.14285714285714285
ACAACGATGTCGGGGG,Prevotella (taxid 838),2,0.25
ACAACGATGTCGGGGG,Megeuptychia antonoe (taxid 270084),5,0.625
ACAACGATGTCGGGGG,Staphylococcus aureus (taxid 1280),1,0.125
GAAGAGCCTCGATAGT,Klebsiella pneumoniae (taxid 573),1,0.125
GAAGAGCCTCGATAGT,Prevotella (taxid 838),4,0.5
GAAGAGCCTCGATAGT,Spatula rhynchotis (taxid 45633),2,0.25
GAAGAGCCTCGATAGT,Staphylococcus aureus (taxid 1280),1,0.125
GCGCCATGGACCGGCG,Spatula rhynchotis (taxid 45633),2,0.25
GCGCCATGGACCGGCG,Staphylococcus aureus (taxid 1280),3,0.375
GCGCCATGGACCGGCG,Escherichia coli (taxid 562),1,0.125
GCGCCATGGACCGGCG,Prevotella (taxid 838),1,0.125
GCGCCATGGACCGGCG,Megeuptychia antonoe (taxid 270084),1,0.125
CTCTTGAAGTTGATGA,Staphylococcus aureus (taxid 1280),3,0.375
CTCTTGAAGTTGATGA,Spatula rhynchotis (taxid 45633),1,0.125
CTCTTGAAGTTGATGA,Escherichia coli (taxid 562),2,0.25
CTCTTGAAGTTGATGA,Prevotella (taxid 838),2,0.25
GCTATCCGTTCCAGAA,Escherichia coli (taxid 562),2,0.25
GCTATCCGTTCCAGAA,Spatula rhynchotis (taxid 45633),2,0.25
GCTATCCGTTCCAGAA,Megeuptychia antonoe (taxid 270084),3,0.375
GCTATCCGTTCCAGAA,Prevotella (taxid 838),1,0.125
GCCACGCGTTATTTTA,Megeuptychia antonoe (taxid 270084),3,0.375
GCCACGCGTTATTTTA,Spatula rhynchotis (taxid 45633),2,0.25
GCCACGCGTTATTTTA,Klebsiella pneumoniae (taxid 573),2,0.25
GCCACGCGTTATTTTA,Staphylococcus aureus (taxid 1280),1,0.125
TGACATACGGGGTTAA,Escherichia coli (taxid 562),3,0.375
TGACATACGGGGTTAA,Staphylococcus aureus (taxid 1280),2,0.25
TGACATACGGGGTTAA,Klebsiella pneumoniae (taxid 573),2,0.25
TGACATACGGGGTTAA,Spatula rhynchotis (taxid 45633),1,0.125
ACCGTGCGTAACATTA,Staphylococcus aureus (taxid 1280),2,0.25
ACCGTGCGTAACATTA,Megeuptychia antonoe (taxid 270084),1,0.125
ACCGTGCGTAACATTA,Klebsiella pneumoniae (taxid 573),3,0.375
ACCGTGCGTAACATTA,Escherichia coli (taxid 562),1,0.125
ACCGTGCGTAACATTA,Prevotella (taxid 838),1,0.125
TGCCGGCTACACTTCG,Megeuptychia antonoe (taxid 270084),1,0.125
TGCCGGCTACACTTCG,Prevotella (taxid 838),1,0.125
TGCCGGCTACACTTCG,Spatula rhynchotis (taxid 45633),3,0.375
TGCCGGCTACACTTCG,Staphylococcus aureus (taxid 1280),2,0.25
TGCCGGCTACACTTCG,Klebsiella pneumoniae (taxid 573),1,0.125
AAGGCATAGCTACATG,Prevotella (taxid 838),3,0.375
AAGGCATAGCTACATG,Spatula rhynchotis (taxid 45633),1,0.125
AAGGCATAGCTACATG,Escherichia coli (taxid 562),4,0.5
TGACGTATTTGTGCTG,Escherichia coli (taxid 562),1,0.125
TGACGTATTTGTGCTG,Prevotella (taxid 838),3,0.375
TGACGTATTTGTGCTG,Spatula rhynchotis (taxid 45633),2,0.25
TGACGTATTTGTGCTG,Klebsiella pneumoniae (taxid 573),1,0.125
TGACGTATTTGTGCTG,Staphylococcus aureus (taxid 1280),1,0.125
GTTCAATGTATCCCTG,Escherichia coli (taxid 562),3,0.375
GTTCAATGTATCCCTG,Prevotella (taxid 838),2,0.25
GTTCAATGTATCCCTG,Klebsiella pneumoniae (taxid 573),2,0.25
GTTCAATGTATCCCTG,Staphylococcus aureus (taxid 1280),1,0.125
AACGGTCCACATGTAC,Spatula rhynchotis (taxid 45633),2,0.25
AACGGTCCACATGTAC,Megeuptychia antonoe (taxid 270084),4,0.5
AACGGTCCACATGTAC,Klebsiella pneumoniae (taxid 573),1,0.125
AACGGTCCACATGTAC,Escherichia coli (taxid 562),1,0.125
GGGAGTGTACGTAAAC,Staphylococcus aureus (taxid 1280),3,0.375
GGGAGTGTACGTAAAC,Klebsiella pneumoniae (taxid 573),3,0.375
GGGAGTGTACGTAAAC,Spatula rhynchotis (taxid 45633),2,0.25
TCTCCGGCTTGTCCTC,Klebsiella pneumoniae (taxid 573),2,0.25
TCTCCGGCTTGTCCTC,Spatula rhynchotis (taxid 45633),3,0.375
TCTCCGGCTTGTCCTC,Megeuptychia antonoe (taxid 270084),2,0.25
TCTCCGGCTTGTCCTC,Escherichia coli (taxid 562),1,0.125
TTCCCCCATTGCGGCG,Prevotella (taxid 838),2,0.25
TTCCCCCATTGCGGCG,Escherichia coli (taxid 562),1,0.125
TTCCCCCATTGCGGCG,Spatula rhynchotis (taxid 45633),1,0.125
TTCCCCCATTGCGGCG,Staphylococcus aureus (taxid 1280),3,0.375
TTCCCCCATTGCGGCG,Megeuptychia antonoe (taxid 270084),1,0.125
AAGGGCCGCAGATCGT,Sphaerobacter (taxid 2056),2,0.25
AAGGGCCGCAGATCGT,Escherichia coli (taxid 562),1,0.125
AAGGGCCGCAGATCGT,Klebsiella pneumoniae (taxid 573),4,0.5
AAGGGCCGCAGATCGT,Spatula rhynchotis (taxid 45633),1,0.125
GACTAAGCGGAAAGGT,Escherichia coli (taxid 562),3,0.375
GACTAAGCGGAAAGGT,Sphaerobacter (taxid 2056),3,0.375
GACTAAGCGGAAAGGT,Staphylococcus aureus (taxid 1280),1,0.125
GACTAAGCGGAAAGGT,Spatula rhynchotis (taxid 45633),1,0.125
TCTGCGGTTTATAGAA,Escherichia coli (taxid 562),4,0.5
TCTGCGGTTTATAGAA,Staphylococcus aureus (taxid 1280),1,0.125
TCTGCGGTTTATAGAA,Prevotella (taxid 838),1,0.125
TCTGCGGTTTATAGAA,Klebsiella pneumoniae (taxid 573),1,0.125
TCTGCGGTTTATAGAA,Spatula rhynchotis (taxid 45633),1,0.125
GACTTCGAGGCCAACC,Megeuptychia antonoe (taxid 270084),2,0.25
GACTTCGAGGCCAACC,Klebsiella pneumoniae (taxid 573),2,0.25
GACTTCGAGGCCAACC,Prevotella (taxid 838),1,0.125
GACTTCGAGGCCAACC,Spatula rhynchotis (taxid 45633),2,0.25
GACTTCGAGGCCAACC,Escherichia coli (taxid 562),1,0.125
AAATTCTAATTACAGG,Escherichia coli (taxid 562),6,0.75
AAATTCTAATTACAGG,Sphaerobacter (taxid 2056),1,0.125
AAATTCTAATTACAGG,Klebsiella pneumoniae (taxid 573),1,0.125
AGAGTACACCAAGCGC,Prevotella (taxid 838),2,0.25
AGAGTACACCAAGCGC,Escherichia coli (taxid 562),4,0.5
AGAGTACACCAAGCGC,Klebsiella pneumoniae (taxid 573),2,0.25
GACCACCCTAGCCCTT,Staphylococcus aureus (taxid 1280),1,0.125
GACCACCCTAGCCCTT,Escherichia coli (taxid 562),1,0.125
GACCACCCTAGCCCTT,Klebsiella pneumoniae (taxid 573),3,0.375
GACCACCCTAGCCCTT,Sphaerobacter (taxid 2056),3,0.375
CTGAATACGGCAACGT,Spatula rhynchotis (taxid 45633),2,0.25
CTGAATACGGCAACGT,Escherichia coli (taxid 562),1,0.125
CTGAATACGGCAACGT,Megeuptychia antonoe (taxid 270084),1,0.125
CTGAATACGGCAACGT,Prevotella (taxid 838),1,0.125
CTGAATACGGCAACGT,Sphaerobacter (taxid 2056),2,0.25
CTGAATACGGCAACGT,Klebsiella pneumoniae (taxid 573),1,0.125
AGAACGGAGGAATCGC,Klebsiella pneumoniae (taxid 573),6,0.75
AGAACGGAGGAATCGC,Spatula rhynchotis (taxid 45633),1,0.125
AGAACGGAGGAATCGC,Staphylococcus aureus (taxid 1280),1,0.125
TTTCTCCCGAATATTC,Spatula rhynchotis (taxid 45633),2,0.25
TTTCTCCCGAATATTC,Prevotella (taxid 838),4,0.5
TTTCTCCCGAATATTC,Megeuptychia antonoe (taxid 270084),2,0.25
ACGGGCGCCTCTGGCC,Megeuptychia antonoe (taxid 270084),1,0.125
ACGGGCGCCTCTGGCC,Spatula rhynchotis (taxid 45633),1,0.125
ACGGGCGCCTCTGGCC,Escherichia coli (taxid 562),2,0.25
ACGGGCGCCTCTGGCC,Staphylococcus aureus (taxid 1280),1,0.125
ACGGGCGCCTCTGGCC,Klebsiella pneumoniae (taxid 573),1,0.125
ACGGGCGCCTCTGGCC,Prevotella (taxid 838),1,0.125
ACGGGCGCCTCTGGCC,Sphaerobacter (taxid 2056),1,0.125
TGACCTCGCCATCGGA,Megeuptychia antonoe (taxid 270084),1,0.125
TGACCTCGCCATCGGA,Klebsiella pneumoniae (taxid 573),2,0.25
TGACCTCGCCATCGGA,Sphaerobacter (taxid 2056),2,0.25
TGACCTCGCCATCGGA,Staphylococcus aureus (taxid 1280),1,0.125
TGACCTCGCCATCGGA,Prevotella (taxid 838),1,0.125
TGACCTCGCCATCGGA,Escherichia coli (taxid 562),1,0.125
CCTCTTGGGCATCTGG,Megeuptychia antonoe (taxid 270084),2,0.25
CCTCTTGGGCATCTGG,Spatula rhynchotis (taxid 45633),1,0.125
CCTCTTGGGCATCTGG,Staphylococcus aureus (taxid 1280),1,0.125
CCTCTTGGGCATCTGG,Prevotella (taxid 838),3,0.375
CCTCTTGGGCATCTGG,Escherichia coli (taxid 562),1,0.125
GACGGGGTGGTTGTGT,Staphylococcus aureus (taxid 1280),2,0.25
GACGGGGTGGTTGTGT,Escherichia coli (taxid 562),3,0.375
GACGGGGTGGTTGTGT,Prevotella (taxid 838),1,0.125
GACGGGGTGGTTGTGT,Klebsiella pneumoniae (taxid 573),2,0.25
TGAGGGGGCTTTCAAG,Spatula rhynchotis (taxid 45633),4,0.5
TGAGGGGGCTTTCAAG,Klebsiella pneumoniae (taxid 573),2,0.25
TGAGGGGGCTTTCAAG,Megeuptychia antonoe (taxid 270084),1,0.125
TGAGGGGGCTTTCAAG,Escherichia coli (taxid 562),1,0.125
GGAATAACGGAACAGT,Escherichia coli (taxid 562),2,0.25
GGAATAACGGAACAGT,Prevotella (taxid 838),3,0.375
GGAATAACGGAACAGT,Klebsiella pneumoniae (taxid 573),1,0.125
GGAATAACGGAACAGT,Staphylococcus aureus (taxid 1280),1,0.125
GGAATAACGGAACAGT,Spatula rhynchotis (taxid 45633),1,0.125
TTAGTGCTACAGCTAC,Escherichia coli (taxid 562),1,0.125
TTAGTGCTACAGCTAC,Megeuptychia antonoe (taxid 270084),2,0.25
TTAGTGCTACAGCTAC,Spatula rhynchotis (taxid 45633),3,0.375
TTAGTGCTACAGCTAC,Klebsiella pneumoniae (taxid 573),1,0.125
TTAGTGCTACAGCTAC,Prevotella (taxid 838),1,0.125
CTCAGAAGGACATTAC,Prevotella (taxid 838),1,0.125
CTCAGAAGGACATTAC,Klebsiella pneumoniae (taxid 573),1,0.125
CTCAGAAGGACATTAC,Escherichia coli (taxid 562),3,0.375
CTCAGAAGGACATTAC,Staphylococcus aureus (taxid 1280),1,0.125
CTCAGAAGGACATTAC,Sphaerobacter (taxid 2056),1,0.125
CTCAGAAGGACATTAC,Spatula rhynchotis (taxid 45633),1,0.125
GCACAGAATCCGGGTC,Klebsiella pneumoniae (taxid 573),2,0.25
GCACAGAATCCGGGTC,Escherichia coli (taxid 562),2,0.25
GCACAGAATCCGGGTC,Sphaerobacter (taxid 2056),2,0.25
GCACAGAATCCGGGTC,Staphylococcus aureus (taxid 1280),2,0.25
TAGATCTAGATTGGAC,Prevotella (taxid 838),1,0.125
TAGATCTAGATTGGAC,Escherichia coli (taxid 562),4,0.5
TAGATCTAGATTGGAC,Klebsiella pneumoniae (taxid 573),1,0.125
TAGATCTAGATTGGAC,Spatula rhynchotis (taxid 45633),1,0.125
TAGATCTAGATTGGAC,Staphylococcus aureus (taxid 1280),1,0.125
ATGCTTACGACTCGGT,Escherichia coli (taxid 562),2,0.25
ATGCTTACGACTCGGT,Klebsiella pneumoniae (taxid 573),4,0.5
ATGCTTACGACTCGGT,Prevotella (taxid 838),1,0.125
ATGCTTACGACTCGGT,Sphaerobacter (taxid 2056),1,0.125
GAACGTTTTGCAATGC,Escherichia coli (taxid 562),1,0.125
GAACGTTTTGCAATGC,Prevotella (taxid 838),3,0.375
GAACGTTTTGCAATGC,Staphylococcus aureus (taxid 1280),2,0.25
GAACGTTTTGCAATGC,Spatula rhynchotis (taxid 45633),1,0.125
GAACGTTTTGCAATGC,Klebsiella pneumoniae (taxid 573),1,0.125
ACGTAAAGACCACCGC,Prevotella (taxid 838),1,0.125
ACGTAAAGACCACCGC,Staphylococcus aureus (taxid 1280),4,0.5
ACGTAAAGACCACCGC,Escherichia coli (taxid 562),2,0.25
ACGTAAAGACCACCGC,Spatula rhynchotis (taxid 45633),1,0.125
GCCCGAATTAAATCTC,Klebsiella pneumoniae (taxid 573),3,0.375
GCCCGAATTAAATCTC,Escherichia coli (taxid 562),2,0.25
GCCCGAATTAAATCTC,Staphylococcus aureus (taxid 1280),3,0.375
CAACCGCTTTTCCTAT,Klebsiella pneumoniae (taxid 573),3,0.375
CAACCGCTTTTCCTAT,Sphaerobacter (taxid 2056),1,0.125
CAACCGCTTTTCCTAT,Escherichia coli (taxid 562),1,0.125
CAACCGCTTTTCCTAT,Prevotella (taxid 838),1,0.125
CAACCGCTTTTCCTAT,Megeuptychia antonoe (taxid 270084),2,0.25
TTTGAAATCTCATGGG,Escherichia coli (taxid 562),1,0.125
TTTGAAATCTCATGGG,Megeuptychia antonoe (taxid 270084),1,0.125
TTTGAAATCTCATGGG,Klebsiella pneumoniae (taxid 573),1,0.125
TTTGAAATCTCATGGG,Prevotella (taxid 838),1,0.125
TTTGAAATCTCATGGG,Staphylococcus aureus (taxid 1280),4,0.5
GCGCGCACGAGAACAA,Prevotella (taxid 838),3,0.375
GCGCGCACGAGAACAA,Staphylococcus aureus (taxid 1280),1,0.125
GCGCGCACGAGAACAA,Escherichia coli (taxid 562),2,0.25
GCGCGCACGAGAACAA,Klebsiella pneumoniae (taxid 573),1,0.125
GCGCGCACGAGAACAA,Spatula rhynchotis (taxid 45633),1,0.125
TTCTTGTACGGTTGCC,Escherichia coli (taxid 562),1,0.125
TTCTTGTACGGTTGCC,Klebsiella pneumoniae (taxid 573),2,0.25
TTCTTGTACGGTTGCC,Staphylococcus aureus (taxid 1280),2,0.25
TTCTTGTACGGTTGCC,Prevotella (taxid 838),3,0.375
ATGTCACATTGGGGTT,Klebsiella pneumoniae (taxid 573),2,0.25
ATGTCACATTGGGGTT,Megeuptychia antonoe (taxid 270084),1,0.125
ATGTCACATTGGGGTT,Escherichia coli (taxid 562),3,0.375
ATGTCACATTGGGGTT,Spatula rhynchotis (taxid 45633),1,0.125
ATGTCACATTGGGGTT,Staphylococcus aureus (taxid 1280),1,0.125
ATAGTGTCAATTGACT,Prevotella (taxid 838),3,0.375
ATAGTGTCAATTGACT,Klebsiella pneumoniae (taxid 573),1,0.125
ATAGTGTCAATTGACT,Spatula rhynchotis (taxid 45633),3,0.375
ATAGTGTCAATTGACT,Staphylococcus aureus (taxid 1280),1,0.125
GGAACTAGAAAGACGG,Prevotella (taxid 838),2,0.25
GGAACTAGAAAGACGG,Escherichia coli (taxid 562),4,0.5
GGAACTAGAAAGACGG,Klebsiella pneumoniae (taxid 573),2,0.25
TACGCGCGTTTCAAAT,Prevotella (taxid 838),3,0.375
TACGCGCGTTTCAAAT,Staphylococcus aureus (taxid 1280),2,0.25
TACGCGCGTTTCAAAT,Escherichia coli (taxid 562),1,0.125
TACGCGCGTTTCAAAT,Sphaerobacter (taxid 2056),1,0.125
TACGCGCGTTTCAAAT,Klebsiella pneumoniae (taxid 573),1,0.125
AACTCTCGGTGCTCGG,Klebsiella pneumoniae (taxid 573),4,0.5
AACTCTCGGTGCTCGG,Escherichia coli (taxid 562),3,0.375
AACTCTCGGTGCTCGG,Spatula rhynchotis (taxid 45633),1,0.125
TGGGATTGAGACAGCA,Staphylococcus aureus (taxid 1280),3,0.375
TGGGATTGAGACAGCA,Spatula rhynchotis (taxid 45633),2,0.25
TGGGATTGAGACAGCA,Sphaerobacter (taxid 2056),1,0.125
TGGGATTGAGACAGCA,Prevotella (taxid 838),2,0.25
GGAAACAAATCATGCC,Klebsiella pneumoniae (taxid 573),2,0.25
GGAAACAAATCATGCC,Staphylococcus aureus (taxid 1280),1,0.125
GGAAACAAATCATGCC,Megeuptychia antonoe (taxid 270084),2,0.25
GGAAACAAATCATGCC,Prevotella (taxid 838),2,0.25
GGAAACAAATCATGCC,Sphaerobacter (taxid 2056),1,0.125
CCGAGTAGCTGCTGCA,Klebsiella pneumoniae (taxid 573),4,0.5
CCGAGTAGCTGCTGCA,Spatula rhynchotis (taxid 45633),1,0.125
CCGAGTAGCTGCTGCA,Escherichia coli (taxid 562),2,0.25
CCGAGTAGCTGCTGCA,Prevotella (taxid 838),1,0.125
TTCATTGTACCAATGC,Prevotella (taxid 838),3,0.375
TTCATTGTACCAATGC,Escherichia coli (taxid 562),2,0.25
TTCATTGTACCAATGC,Sphaerobacter (taxid 2056),1,0.125
TTCATTGTACCAATGC,Klebsiella pneumoniae (taxid 573),1,0.125
TTCATTGTACCAATGC,Spatula rhynchotis (taxid 45633),1,0.125
CACGTCGCCCCAGTCG,Megeuptychia antonoe (taxid 270084),1,0.125
CACGTCGCCCCAGTCG,Staphylococcus aureus (taxid 1280),1,0.125
CACGTCGCCCCAGTCG,Spatula rhynchotis (taxid 45633),1,0.125
CACGTCGCCCCAGTCG,Klebsiella pneumoniae (taxid 573),3,0.375
CACGTCGCCCCAGTCG,Prevotella (taxid 838),1,0.125
CACGTCGCCCCAGTCG,Escherichia coli (taxid 562),1,0.125
GTTGATCGGTGAGGTA,Escherichia coli (taxid 562),2,0.25
GTTGATCGGTGAGGTA,Sphaerobacter (taxid 2056),2,0.25
GTTGATCGGTGAGGTA,Klebsiella pneumoniae (taxid 573),1,0.125
GTTGATCGGTGAGGTA,Spatula rhynchotis (taxid 45633),2,0.25
GTTGATCGGTGAGGTA,Prevotella (taxid 838),1,0.125
TTTGTAGTAGTAGTCA,Klebsiella pneumoniae (taxid 573),2,0.25
TTTGTAGTAGTAGTCA,Prevotella (taxid 838),4,0.5
TTTGTAGTAGTAGTCA,Staphylococcus aureus (taxid 1280),1,0.125
TTTGTAGTAGTAGTCA,Megeuptychia antonoe (taxid 270084),1,0.125
CACTCTCACTTGATCC,Prevotella (taxid 838),1,0.125
CACTCTCACTTGATCC,Escherichia coli (taxid 562),2,0.25
CACTCTCACTTGATCC,Staphylococcus aureus (taxid 1280),2,0.25
CACTCTCACTTGATCC,Klebsiella pneumoniae (taxid 573),1,0.125
CACTCTCACTTGATCC,Spatula rhynchotis (taxid 45633),1,0.125
CACTCTCACTTGATCC,Megeuptychia antonoe (taxid 270084),1,0.125
TAGCTAGACCAGCGTA,Staphylococcus aureus (taxid 1280),3,0.375
TAGCTAGACCAGCGTA,Prevotella (taxid 838),3,0.375
TAGCTAGACCAGCGTA,Spatula rhynchotis (taxid 45633),1,0.125
TAGCTAGACCAGCGTA,Escherichia coli (taxid 562),1,0.125
AACCGGCGAGGATGCA,Staphylococcus aureus (taxid 1280),2,0.25
AACCGGCGAGGATGCA,Spatula rhynchotis (taxid 45633),2,0.25
AACCGGCGAGGATGCA,Megeuptychia antonoe (taxid 270084),2,0.25
AACCGGCGAGGATGCA,Prevotella (taxid 838),1,0.125
AACCGGCGAGGATGCA,Klebsiella pneumoniae (taxid 573),1,0.125
GTCCGTTTGTTACCCT,Klebsiella pneumoniae (taxid 573),1,0.125
GTCCGTTTGTTACCCT,Prevotella (taxid 838),3,0.375
GTCCGTTTGTTACCCT,Escherichia coli (taxid 562),2,0.25
GTCCGTTTGTTACCCT,Megeuptychia antonoe (taxid 270084),1,0.125
GTCCGTTTGTTACCCT,Sphaerobacter (taxid 2056),1,0.125
GCTAGACCATGTAGGA,Staphylococcus aureus (taxid 1280),3,0.375
GCTAGACCATGTAGGA,Prevotella (taxid 838),2,0.25
GCTAGACCATGTAGGA,Klebsiella pneumoniae (taxid 573),2,0.25
GCTAGACCATGTAGGA,Spatula rhynchotis (taxid 45633),1,0.125
ACAGTCGGATACGGAC,Megeuptychia antonoe (taxid 270084),2,0.25
ACAGTCGGATACGGAC,Prevotella (taxid 838),1,0.125
ACAGTCGGATACGGAC,Staphylococcus aureus (taxid 1280),2,0.25
ACAGTCGGATACGGAC,Sphaerobacter (taxid 2056),2,0.25
ACAGTCGGATACGGAC,Spatula rhynchotis (taxid 45633),1,0.125
AACTCCCTAATCCCAT,Escherichia coli (taxid 562),4,0.5
AACTCCCTAATCCCAT,Klebsiella pneumoniae (taxid 573),1,0.125
AACTCCCTAATCCCAT,Staphylococcus aureus (taxid 1280),2,0.25
AACTCCCTAATCCCAT,Spatula rhynchotis (taxid 45633),1,0.125
TGGAATGCCCCAGCAT,Staphylococcus aureus (taxid 1280),3,0.375
TGGAATGCCCCAGCAT,Klebsiella pneumoniae (taxid 573),3,0.375
TGGAATGCCCCAGCAT,Prevotella (taxid 838),1,0.125
TGGAATGCCCCAGCAT,Escherichia coli (taxid 562),1,0.125
ACCCTTTCGTTGTACC,Klebsiella pneumoniae (taxid 573),1,0.125
ACCCTTTCGTTGTACC,Staphylococcus aureus (taxid 1280),3,0.375
ACCCTTTCGTTGTACC,Prevotella (taxid 838),3,0.375
ACCCTTTCGTTGTACC,Sphaerobacter (taxid 2056),1,0.125
TGGCGGCGAACTGTGT,Staphylococcus aureus (taxid 1280),2,0.25
TGGCGGCGAACTGTGT,Klebsiella pneumoniae (taxid 573),3,0.375
TGGCGGCGAACTGTGT,Prevotella (taxid 838),1,0.125
TGGCGGCGAACTGTGT,Spatula rhynchotis (taxid 45633),1,0.125
TGGCGGCGAACTGTGT,Escherichia coli (taxid 562),1,0.125
GCAGAAATGCGGTACG,Prevotella (taxid 838),1,0.125
GCAGAAATGCGGTACG,Sphaerobacter (taxid 2056),3,0.375
GCAGAAATGCGGTACG,Klebsiella pneumoniae (taxid 573),4,0.5
GGAGGCAGCTACGAAA,Staphylococcus aureus (taxid 1280),5,0.625
GGAGGCAGCTACGAAA,Megeuptychia antonoe (taxid 270084),1,0.125
GGAGGCAGCTACGAAA,Prevotella (taxid 838),1,0.125
GGAGGCAGCTACGAAA,Spatula rhynchotis (taxid 45633),1,0.125
GGCTGCAAGCACCTCA,Spatula rhynchotis (taxid 45633),4,0.5
GGCTGCAAGCACCTCA,Megeuptychia antonoe (taxid 270084),1,0.125
GGCTGCAAGCACCTCA,Prevotella (taxid 838),2,0.25
GGCTGCAAGCACCTCA,Klebsiella pneumoniae (taxid 573),1,0.125
AAGATGTTGTCAGTGC,Spatula rhynchotis (taxid 45633),1,0.125
AAGATGTTGTCAGTGC,Klebsiella pneumoniae (taxid 573),2,0.25
AAGATGTTGTCAGTGC,Sphaerobacter (taxid 2056),1,0.125
AAGATGTTGTCAGTGC,Prevotella (taxid 838),1,0.125
AAGATGTTGTCAGTGC,Escherichia coli (taxid 562),1,0.125
AAGATGTTGTCAGTGC,Megeuptychia antonoe (taxid 270084),2,0.25
GCCGCCTTTGTTGCGT,Spatula rhynchotis (taxid 45633),1,0.14285714285714285
GCCGCCTTTGTTGCGT,Sphaerobacter (taxid 2056),1,0.14285714285714285
GCCGCCTTTGTTGCGT,Staphylococcus aureus (taxid 1280),1,0.14285714285714285
GCCGCCTTTGTTGCGT,Escherichia coli (taxid 562),3,0.42857142857142855
GCCGCCTTTGTTGCGT,Prevotella (taxid 838),1,0.14285714285714285
CTGACCAGGGTACGGG,Escherichia coli (taxid 562),2,0.25
CTGACCAGGGTACGGG,Staphylococcus aureus (taxid 1280),5,0.625
CTGACCAGGGTACGGG,Megeuptychia antonoe (taxid 270084),1,0.125
TTCCGCAACGAGTCGG,Klebsiella pneumoniae (taxid 573),1,0.125
TTCCGCAACGAGTCGG,Megeuptychia antonoe (taxid 270084),4,0.5
TTCCGCAACGAGTCGG,Sphaerobacter (taxid 2056),2,0.25
TTCCGCAACGAGTCGG,Spatula rhynchotis (taxid 45633),1,0.125
ATTCCCATTTACGATC,Escherichia coli (taxid 562),2,0.25
ATTCCCATTTACGATC,Staphylococcus aureus (taxid 1280),4,0.5
ATTCCCATTTACGATC,Prevotella (taxid 838),2,0.25
TAGATGTAGCCTAACC,Escherichia coli (taxid 562),4,0.5
TAGATGTAGCCTAACC,Klebsiella pneumoniae (taxid 573),2,0.25
TAGATGTAGCCTAACC,Sphaerobacter (taxid 2056),1,0.125
TAGATGTAGCCTAACC,Spatula rhynchotis (taxid 45633),1,0.125
CGCACAACCTACGGGG,Megeuptychia antonoe (taxid 270084),4,0.5
CGCACAACCTACGGGG,Sphaerobacter (taxid 2056),1,0.125
CGCACAACCTACGGGG,Staphylococcus aureus (taxid 1280),1,0.125
CGCACAACCTACGGGG,Prevotella (taxid 838),1,0.125
CGCACAACCTACGGGG,Klebsiella pneumoniae (taxid 573),1,0.125
ACTATGGGACTGTGCT,Megeuptychia antonoe (taxid 270084),1,0.125
ACTATGGGACTGTGCT,Prevotella (taxid 838),5,0.625
ACTATGGGACTGTGCT,Spatula rhynchotis (taxid 45633),2,0.25
TTGGACTTGTTCTTGG,Megeuptychia antonoe (taxid 270084),1,0.125
TTGGACTTGTTCTTGG,Prevotella (taxid 838),1,0.125
TTGGACTTGTTCTTGG,Spatula rhynchotis (taxid 45633),2,0.25
TTGGACTTGTTCTTGG,Sphaerobacter (taxid 2056),3,0.375
TTGGACTTGTTCTTGG,Staphylococcus aureus (taxid 1280),1,0.125
GACCAGGATACATAAT,Prevotella (taxid 838),3,0.375
GACCAGGATACATAAT,Spatula rhynchotis (taxid 45633),3,0.375
GACCAGGATACATAAT,Staphylococcus aureus (taxid 1280),1,0.125
GACCAGGATACATAAT,Megeuptychia antonoe (taxid 270084),1,0.125
CTTCAAAATCTTTCTG,Staphylococcus aureus (taxid 1280),3,0.375
CTTCAAAATCTTTCTG,Megeuptychia antonoe (taxid 270084),1,0.125
CTTCAAAATCTTTCTG,Escherichia coli (taxid 562),3,0.375
CTTCAAAATCTTTCTG,Prevotella (taxid 838),1,0.125
TCAGAACCGGTTCCCG,Escherichia coli (taxid 562),2,0.25
TCAGAACCGGTTCCCG,Spatula rhynchotis (taxid 45633),3,0.375
TCAGAACCGGTTCCCG,Staphylococcus aureus (taxid 1280),1,0.125
TCAGAACCGGTTCCCG,Klebsiella pneumoniae (taxid 573),2,0.25
CCTGACGAGGCCAAGG,Sphaerobacter (taxid 2056),1,0.125
CCTGACGAGGCCAAGG,Megeuptychia antonoe (taxid 270084),2,0.25
CCTGACGAGGCCAAGG,Spatula rhynchotis (taxid 45633),1,0.125
CCTGACGAGGCCAAGG,Prevotella (taxid 838),2,0.25
CCTGACGAGGCCAAGG,Klebsiella pneumoniae (taxid 573),2,0.25
AATTATTATATCATCG,Staphylococcus aureus (taxid 1280),4,0.5
AATTATTATATCATCG,Spatula rhynchotis (taxid 45633),1,0.125
AATTATTATATCATCG,Sphaerobacter (taxid 2056),1,0.125
AATTATTATATCATCG,Escherichia coli (taxid 562),1,0.125
AATTATTATATCATCG,Prevotella (taxid 838),1,0.125
GTAAAAGATTTGCGCG,Klebsiella pneumoniae (taxid 573),1,0.125
GTAAAAGATTTGCGCG,Escherichia coli (taxid 562),1,0.125
GTAAAAGATTTGCGCG,Spatula rhynchotis (taxid 45633),1,0.125
GTAAAAGATTTGCGCG,Staphylococcus aureus (taxid 1280),3,0.375
GTAAAAGATTTGCGCG,Prevotella (taxid 838),2,0.25
CATCACCTATTAGGTT,Escherichia coli (taxid 562),5,0.625
CATCACCTATTAGGTT,Prevotella (taxid 838),1,0.125
CATCACCTATTAGGTT,Staphylococcus aureus (taxid 1280),1,0.125
CATCACCTATTAGGTT,Sphaerobacter (taxid 2056),1,0.125
CAGAACACCCTTCTCA,Escherichia coli (taxid 562),4,0.5
CAGAACACCCTTCTCA,Spatula rhynchotis (taxid 45633),1,0.125
CAGAACACCCTTCTCA,Klebsiella pneumoniae (taxid 573),1,0.125
CAGAACACCCTTCTCA,Megeuptychia antonoe (taxid 270084),1,0.125
CAGAACACCCTTCTCA,Staphylococcus aureus (taxid 1280),1,0.125
TGACGACCTACGACGC,Klebsiella pneumoniae (taxid 573),3,0.375
TGACGACCTACGACGC,Escherichia coli (taxid 562),2,0.25
TGACGACCTACGACGC,Sphaerobacter (taxid 2056),1,0.125
TGACGACCTACGACGC,Staphylococcus aureus (taxid 1280),2,0.25
TAAATTCACCGCGGTT,Escherichia coli (taxid 562),1,0.125
TAAATTCACCGCGGTT,Klebsiella pneumoniae (taxid 573),1,0.125
TAAATTCACCGCGGTT,Prevotella (taxid 838),3,0.375
TAAATTCACCGCGGTT,Megeuptychia antonoe (taxid 270084),1,0.125
TAAATTCACCGCGGTT,Staphylococcus aureus (taxid 1280),1,0.125
TAAATTCACCGCGGTT,Spatula rhynchotis (taxid 45633),1,0.125
TTTCAAAGATAGAGTG,Staphylococcus aureus (taxid 1280),2,0.25
TTTCAAAGATAGAGTG,Megeuptychia antonoe (taxid 270084),2,0.25
TTTCAAAGATAGAGTG,Prevotella (taxid 838),1,0.125
TTTCAAAGATAGAGTG,Spatula rhynchotis (taxid 45633),3,0.375
AAAGTAGCCTTGCTCC,Staphylococcus aureus (taxid 1280),1,0.125
AAAGTAGCCTTGCTCC,Klebsiella pneumoniae (taxid 573),1,0.125
AAAGTAGCCTTGCTCC,Prevotella (taxid 838),3,0.375
AAAGTAGCCTTGCTCC,Megeuptychia antonoe (taxid 270084),1,0.125
AAAGTAGCCTTGCTCC,Escherichia coli (taxid 562),2,0.25
AAAGCTCTAGGGCGTA,Megeuptychia antonoe (taxid 270084),1,0.125
AAAGCTCTAGGGCGTA,Klebsiella pneumoniae (taxid 573),1,0.125
AAAGCTCTAGGGCGTA,Spatula rhynchotis (taxid 45633),2,0.25
AAAGCTCTAGGGCGTA,Staphylococcus aureus (taxid 1280),1,0.125
AAAGCTCTAGGGCGTA,Prevotella (taxid 838),3,0.375
AGAATAATCAACAAAG,Staphylococcus aureus (taxid 1280),1,0.125
AGAATAATCAACAAAG,Prevotella (taxid 838),4,0.5
AGAATAATCAACAAAG,Megeuptychia antonoe (taxid 270084),2,0.25
AGAATAATCAACAAAG,Klebsiella pneumoniae (taxid 573),1,0.125
CCATGGATTAATGTTT,Klebsiella pneumoniae (taxid 573),1,0.125
CCATGGATTAATGTTT,Escherichia coli (taxid 562),2,0.25
CCATGGATTAATGTTT,Prevotella (taxid 838),2,0.25
CCATGGATTAATGTTT,Sphaerobacter (taxid 2056),1,0.125
CCATGGATTAATGTTT,Staphylococcus aureus (taxid 1280),1,0.125
CCATGGATTAATGTTT,Megeuptychia antonoe (taxid 270084),1,0.125
CCCCTACTATTGTCTT,Prevotella (taxid 838),4,0.5
CCCCTACTATTGTCTT,Escherichia coli (taxid 562),1,0.125
CCCCTACTATTGTCTT,Spatula rhynchotis (taxid 45633),2,0.25
CCCCTACTATTGTCTT,Staphylococcus aureus (taxid 1280),1,0.125
ATGGGACATAAGACTC,Staphylococcus aureus (taxid 1280),2,0.25
ATGGGACATAAGACTC,Spatula rhynchotis (taxid 45633),2,0.25
ATGGGACATAAGACTC,Klebsiella pneumoniae (taxid 573),1,0.125
ATGGGACATAAGACTC,Prevotella (taxid 838),2,0.25
ATGGGACATAAGACTC,Sphaerobacter (taxid 2056),1,0.125
TCACTCTCGAAACCGG,Sphaerobacter (taxid 2056),1,0.125
TCACTCTCGAAACCGG,Klebsiella pneumoniae (taxid 573),1,0.125
TCACTCTCGAAACCGG,Escherichia coli (taxid 562),2,0.25
TCACTCTCGAAACCGG,Prevotella (taxid 838),2,0.25
TCACTCTCGAAACCGG,Staphylococcus aureus (taxid 1280),2,0.25
GACACACCGGGTCAGC,Staphylococcus aureus (taxid 1280),2,0.25
GACACACCGGGTCAGC,Klebsiella pneumoniae (taxid 573),3,0.375
GACACACCGGGTCAGC,Prevotella (taxid 838),1,0.125
GACACACCGGGTCAGC,Escherichia coli (taxid 562),1,0.125
GACACACCGGGTCAGC,Sphaerobacter (taxid 2056),1,0.125
GAGAGTACCTACTATA,Escherichia coli (taxid 562),3,0.375
GAGAGTACCTACTATA,Sphaerobacter (taxid 2056),2,0.25
GAGAGTACCTACTATA,Staphylococcus aureus (taxid 1280),2,0.25
GAGAGTACCTACTATA,Klebsiella pneumoniae (taxid 573),1,0.125
AGTAATTCTCTAGAGA,Klebsiella pneumoniae (taxid 573),2,0.25
AGTAATTCTCTAGAGA,Megeuptychia antonoe (taxid 270084),3,0.375
AGTAATTCTCTAGAGA,Staphylococcus aureus (taxid 1280),1,0.125
AGTAATTCTCTAGAGA,Prevotella (taxid 838),1,0.125
AGTAATTCTCTAGAGA,Spatula rhynchotis (taxid 45633),1,0.125
CGCCGCACTTAGTGTG,Klebsiella pneumoniae (taxid 573),4,0.5
CGCCGCACTTAGTGTG,Escherichia coli (taxid 562),4,0.5
AAAACTTGCCCCTCTC,Staphylococcus aureus (taxid 1280),2,0.25
AAAACTTGCCCCTCTC,Spatula rhynchotis (taxid 45633),1,0.125
AAAACTTGCCCCTCTC,Escherichia coli (taxid 562),2,0.25
AAAACTTGCCCCTCTC,Klebsiella pneumoniae (taxid 573),1,0.125
AAAACTTGCCCCTCTC,Prevotella (taxid 838),2,0.25
CGGGCCCAGTGTGAGA,Staphylococcus aureus (taxid 1280),3,0.375
CGGGCCCAGTGTGAGA,Klebsiella pneumoniae (taxid 573),1,0.125
CGGGCCCAGTGTGAGA,Escherichia coli (taxid 562),2,0.25
CGGGCCCAGTGTGAGA,Megeuptychia antonoe (taxid 270084),1,0.125
CGGGCCCAGTGTGAGA,Spatula rhynchotis (taxid 45633),1,0.125
GTCTTCACGGAGCCAG,Spatula rhynchotis (taxid 45633),2,0.25
GTCTTCACGGAGCCAG,Prevotella (taxid 838),1,0.125
GTCTTCACGGAGCCAG,Klebsiella pneumoniae (taxid 573),2,0.25
GTCTTCACGGAGCCAG,Megeuptychia antonoe (taxid 270084),2,0.25
GTCTTCACGGAGCCAG,Escherichia coli (taxid 562),1,0.125
TAACGGACGGGCTCAA,Prevotella (taxid 838),3,0.375
TAACGGACGGGCTCAA,Spatula rhynchotis (taxid 45633),1,0.125
TAACGGACGGGCTCAA,Escherichia coli (taxid 562),1,0.125
TAACGGACGGGCTCAA,Klebsiella pneumoniae (taxid 573),1,0.125
TAACGGACGGGCTCAA,Sphaerobacter (taxid 2056),1,0.125
TAACGGACGGGCTCAA,Staphylococcus aureus (taxid 1280),1,0.125
TTTTCGTCAGCGCTAT,Prevotella (taxid 838),3,0.375
TTTTCGTCAGCGCTAT,Megeuptychia antonoe (taxid 270084),1,0.125
TTTTCGTCAGCGCTAT,Sphaerobacter (taxid 2056),1,0.125
TTTTCGTCAGCGCTAT,Klebsiella pneumoniae (taxid 573),1,0.125
TTTTCGTCAGCGCTAT,Spatula rhynchotis (taxid 45633),2,0.25
ACCGACATATGGCGGG,Prevotella (taxid 838),1,0.125
ACCGACATATGGCGGG,Sphaerobacter (taxid 2056),2,0.25
ACCGACATATGGCGGG,Spatula rhynchotis (taxid 45633),2,0.25
ACCGACATATGGCGGG,Klebsiella pneumoniae (taxid 573),1,0.125
ACCGACATATGGCGGG,Megeuptychia antonoe (taxid 270084),2,0.25
TTTTTGGAAAGTCTAG,Megeuptychia antonoe (taxid 270084),2,0.25
TTTTTGGAAAGTCTAG,Spatula rhynchotis (taxid 45633),2,0.25
TTTTTGGAAAGTCTAG,Escherichia coli (taxid 562),1,0.125
TTTTTGGAAAGTCTAG,Staphylococcus aureus (taxid 1280),1,0.125
TTTTTGGAAAGTCTAG,Sphaerobacter (taxid 2056),2,0.25
AGTAGAATTTGACTCG,Staphylococcus aureus (taxid 1280),2,0.25
AGTAGAATTTGACTCG,Sphaerobacter (taxid 2056),1,0.125
AGTAGAATTTGACTCG,Megeuptychia antonoe (taxid 270084),1,0.125
AGTAGAATTTGACTCG,Klebsiella pneumoniae (taxid 573),1,0.125
AGTAGAATTTGACTCG,Prevotella (taxid 838),1,0.125
AGTAGAATTTGACTCG,Escherichia coli (taxid 562),1,0.125
AGTAGAATTTGACTCG,Spatula rhynchotis (taxid 45633),1,0.125
CCAGCTCTAGCAAGTA,Klebsiella pneumoniae (taxid 573),1,0.125
CCAGCTCTAGCAAGTA,Staphylococcus aureus (taxid 1280),4,0.5
CCAGCTCTAGCAAGTA,Escherichia coli (taxid 562),2,0.25
CCAGCTCTAGCAAGTA,Prevotella (taxid 838),1,0.125
CTTTGCGCTCTTCTGT,Escherichia coli (taxid 562),2,0.25
CTTTGCGCTCTTCTGT,Staphylococcus aureus (taxid 1280),3,0.375
CTTTGCGCTCTTCTGT,Klebsiella pneumoniae (taxid 573),1,0.125
CTTTGCGCTCTTCTGT,Megeuptychia antonoe (taxid 270084),2,0.25
AGACAGAAGGTTGTCC,Staphylococcus aureus (taxid 1280),2,0.25
AGACAGAAGGTTGTCC,Escherichia coli (taxid 562),5,0.625
AGACAGAAGGTTGTCC,Prevotella (taxid 838),1,0.125
GTTCCAGCGCCGAAGG,Prevotella (taxid 838),3,0.375
GTTCCAGCGCCGAAGG,Spatula rhynchotis (taxid 45633),3,0.375
GTTCCAGCGCCGAAGG,Staphylococcus aureus (taxid 1280),2,0.25
GTGGTGCGTGTAACGA,Staphylococcus aureus (taxid 1280),3,0.375
GTGGTGCGTGTAACGA,Escherichia coli (taxid 562),4,0.5
GTGGTGCGTGTAACGA,Spatula rhynchotis (taxid 45633),1,0.125
GCTGCCATAGAACCAC,Prevotella (taxid 838),4,0.5
GCTGCCATAGAACCAC,Klebsiella pneumoniae (taxid 573),1,0.125
GCTGCCATAGAACCAC,Escherichia coli (taxid 562),2,0.25
GCTGCCATAGAACCAC,Staphylococcus aureus (taxid 1280),1,0.125
TGGGGGAACAAGCAGA,Megeuptychia antonoe (taxid 270084),4,0.5
TGGGGGAACAAGCAGA,Klebsiella pneumoniae (taxid 573),1,0.125
TGGGGGAACAAGCAGA,Escherichia coli (taxid 562),1,0.125
TGGGGGAACAAGCAGA,Spatula rhynchotis (taxid 45633),2,0.25
CGAGCAGCACAAGGCG,Klebsiella pneumoniae (taxid 573),1,0.125
CGAGCAGCACAAGGCG,Escherichia coli (taxid 562),4,0.5
CGAGCAGCACAAGGCG,Sphaerobacter (taxid 2056),2,0.25
CGAGCAGCACAAGGCG,Prevotella (taxid 838),1,0.125
AGTAGCGGAATGAGCA,Escherichia coli (taxid 562),2,0.25
AGTAGCGGAATGAGCA,Spatula rhynchotis (taxid 45633),4,0.5
AGTAGCGGAATGAGCA,Klebsiella pneumoniae (taxid 573),1,0.125
AGTAGCGGAATGAGCA,Staphylococcus aureus (taxid 1280),1,0.125
TTCACAACGATCCAGT,Escherichia coli (taxid 562),3,0.375
TTCACAACGATCCAGT,Spatula rhynchotis (taxid 45633),1,0.125
TTCACAACGATCCAGT,Staphylococcus aureus (taxid 1280),1,0.125
TTCACAACGATCCAGT,Megeuptychia antonoe (taxid 270084),2,0.25
TTCACAACGATCCAGT,Prevotella (taxid 838),1,0.125
ACCCAGGAGTGACATG,Escherichia coli (taxid 562),1,0.125
ACCCAGGAGTGACATG,Klebsiella pneumoniae (taxid 573),2,0.25
ACCCAGGAGTGACATG,Staphylococcus aureus (taxid 1280),2,0.25
ACCCAGGAGTGACATG,Spatula rhynchotis (taxid 45633),3,0.375
TGTGGTCTCTGAGCAA,Escherichia coli (taxid 562),3,0.375
TGTGGTCTCTGAGCAA,Staphylococcus aureus (taxid 1280),2,0.25
TGTGGTCTCTGAGCAA,Megeuptychia antonoe (taxid 270084),1,0.125
TGTGGTCTCTGAGCAA,Klebsiella pneumoniae (taxid 573),1,0.125
TGTGGTCTCTGAGCAA,Prevotella (taxid 838),1,0.125
TGGACTATGGCCTGGA,Escherichia coli (taxid 562),3,0.375
TGGACTATGGCCTGGA,Klebsiella pneumoniae (taxid 573),2,0.25
TGGACTATGGCCTGGA,Staphylococcus aureus (taxid 1280),1,0.125
TGGACTATGGCCTGGA,Prevotella (taxid 838),1,0.125
TGGACTATGGCCTGGA,Spatula rhynchotis (taxid 45633),1,0.125
AGGGTGGGAGTGTCCG,Staphylococcus aureus (taxid 1280),3,0.375
AGGGTGGGAGTGTCCG,Klebsiella pneumoniae (taxid 573),2,0.25
AGGGTGGGAGTGTCCG,Escherichia coli (taxid 562),2,0.25
AGGGTGGGAGTGTCCG,Spatula rhynchotis (taxid 45633),1,0.125
GCTGTTCACTCCATAT,Prevotella (taxid 838),1,0.125
GCTGTTCACTCCATAT,Spatula rhynchotis (taxid 45633),3,0.375
GCTGTTCACTCCATAT,Staphylococcus aureus (taxid 1280),3,0.375
GCTGTTCACTCCATAT,Klebsiella pneumoniae (taxid 573),1,0.125
CTAGCAGCATTACCGC,Staphylococcus aureus (taxid 1280),3,0.375
CTAGCAGCATTACCGC,Escherichia coli (taxid 562),1,0.125
CTAGCAGCATTACCGC,Prevotella (taxid 838),4,0.5
GGCCTGGGTGCCCCTG,Klebsiella pneumoniae (taxid 573),2,0.25
GGCCTGGGTGCCCCTG,Sphaerobacter (taxid 2056),1,0.125
GGCCTGGGTGCCCCTG,Prevotella (taxid 838),3,0.375
GGCCTGGGTGCCCCTG,Spatula rhynchotis (taxid 45633),1,0.125
GGCCTGGGTGCCCCTG,Staphylococcus aureus (taxid 1280),1,0.125
GGTGTGGGTGTACGGT,Prevotella (taxid 838),5,0.625
GGTGTGGGTGTACGGT,Megeuptychia antonoe (taxid 270084),2,0.25
GGTGTGGGTGTACGGT,Sphaerobacter (taxid 2056),1,0.125
CGGCACCAGTGAATTC,Sphaerobacter (taxid 2056),1,0.125
CGGCACCAGTGAATTC,Escherichia coli (taxid 562),2,0.25
CGGCACCAGTGAATTC,Klebsiella pneumoniae (taxid 573),3,0.375
CGGCACCAGTGAATTC,Staphylococcus aureus (taxid 1280),2,0.25
GATGCTAGTGTCTATA,Klebsiella pneumoniae (taxid 573),5,0.625
GATGCTAGTGTCTATA,Sphaerobacter (taxid 2056),1,0.125
GATGCTAGTGTCTATA,Prevotella (taxid 838),1,0.125
GATGCTAGTGTCTATA,Staphylococcus aureus (taxid 1280),1,0.125
ATGCTGCGTGACCTCC,Prevotella (taxid 838),2,0.25
ATGCTGCGTGACCTCC,Escherichia coli (taxid 562),3,0.375
ATGCTGCGTGACCTCC,Spatula rhynchotis (taxid 45633),2,0.25
ATGCTGCGTGACCTCC,Staphylococcus aureus (taxid 1280),1,0.125
ACAACTACAGCCCCCA,Escherichia coli (taxid 562),3,0.375
ACAACTACAGCCCCCA,Klebsiella pneumoniae (taxid 573),2,0.25
ACAACTACAGCCCCCA,Prevotella (taxid 838),1,0.125
ACAACTACAGCCCCCA,Sphaerobacter (taxid 2056),2,0.25
GCAGGTCTGTACTCGT,Spatula rhynchotis (taxid 45633),1,0.125
GCAGGTCTGTACTCGT,Megeuptychia antonoe (taxid 270084),1,0.125
GCAGGTCTGTACTCGT,Escherichia coli (taxid 562),1,0.125
GCAGGTCTGTACTCGT,Klebsiella pneumoniae (taxid 573),1,0.125
GCAGGTCTGTACTCGT,Prevotella (taxid 838),2,0.25
GCAGGTCTGTACTCGT,Staphylococcus aureus (taxid 1280),2,0.25
CATCCAGAACGAGCTA,Prevotella (taxid 838),3,0.375
CATCCAGAACGAGCTA,Klebsiella pneumoniae (taxid 573),2,0.25
CATCCAGAACGAGCTA,Escherichia coli (taxid 562),3,0.375
AGTCGTGCCGGGGGCT,Prevotella (taxid 838),2,0.25
AGTCGTGCCGGGGGCT,Staphylococcus aureus (taxid 1280),1,0.125
AGTCGTGCCGGGGGCT,Megeuptychia antonoe (taxid 270084),1,0.125
AGTCGTGCCGGGGGCT,Escherichia coli (taxid 562),1,0.125
AGTCGTGCCGGGGGCT,Spatula rhynchotis (taxid 45633),2,0.25
AGTCGTGCCGGGGGCT,Klebsiella pneumoniae (taxid 573),1,0.125
ATAGATCGAGTCTAAG,Sphaerobacter (taxid 2056),1,0.125
ATAGATCGAGTCTAAG,Escherichia coli (taxid 562),1,0.125
ATAGATCGAGTCTAAG,Prevotella (taxid 838),3,0.375
ATAGATCGAGTCTAAG,Klebsiella pneumoniae (taxid 573),3,0.375
TCGTCTATTCCCATGT,Staphylococcus aureus (taxid 1280),2,0.25
TCGTCTATTCCCATGT,Escherichia coli (taxid 562),1,0.125
TCGTCTATTCCCATGT,Klebsiella pneumoniae (taxid 573),1,0.125
TCGTCTATTCCCATGT,Spatula rhynchotis (taxid 45633),2,0.25
TCGTCTATTCCCATGT,Prevotella (taxid 838),1,0.125
TCGTCTATTCCCATGT,Megeuptychia antonoe (taxid 270084),1,0.125
AGCCTAGCGGGAGGAT,Klebsiella pneumoniae (taxid 573),2,0.25
AGCCTAGCGGGAGGAT,Escherichia coli (taxid 562),2,0.25
AGCCTAGCGGGAGGAT,Spatula rhynchotis (taxid 45633),1,0.125
AGCCTAGCGGGAGGAT,Staphylococcus aureus (taxid 1280),3,0.375
CGCACAGGGACAGATT,Staphylococcus aureus (taxid 1280),5,0.625
CGCACAGGGACAGATT,Spatula rhynchotis (taxid 45633),1,0.125
CGCACAGGGACAGATT,Klebsiella pneumoniae (taxid 573),1,0.125
CGCACAGGGACAGATT,Escherichia coli (taxid 562),1,0.125
AAGCGGACTCCTACAT,Staphylococcus aureus (taxid 1280),2,0.25
AAGCGGACTCCTACAT,Klebsiella pneumoniae (taxid 573),3,0.375
AAGCGGACTCCTACAT,Prevotella (taxid 838),2,0.25
AAGCGGACTCCTACAT,Escherichia coli (taxid 562),1,0.125
ACAACGGTCCTAGATA,Escherichia coli (taxid 562),2,0.25
ACAACGGTCCTAGATA,Staphylococcus aureus (taxid 1280),4,0.5
ACAACGGTCCTAGATA,Spatula rhynchotis (taxid 45633),1,0.125
ACAACGGTCCTAGATA,Prevotella (taxid 838),1,0.125
AGAATTGACACGTAGA,Spatula rhynchotis (taxid 45633),1,0.125
AGAATTGACACGTAGA,Megeuptychia antonoe (taxid 270084),2,0.25
AGAATTGACACGTAGA,Prevotella (taxid 838),1,0.125
AGAATTGACACGTAGA,Klebsiella pneumoniae (taxid 573),3,0.375
AGAATTGACACGTAGA,Staphylococcus aureus (taxid 1280),1,0.125
GAGAGGGAGCATGGCT,Prevotella (taxid 838),1,0.125
GAGAGGGAGCATGGCT,Escherichia coli (taxid 562),3,0.375
GAGAGGGAGCATGGCT,Spatula rhynchotis (taxid 45633),1,0.125
GAGAGGGAGCATGGCT,Klebsiella pneumoniae (taxid 573),1,0.125
GAGAGGGAGCATGGCT,Staphylococcus aureus (taxid 1280),1,0.125
GAGAGGGAGCATGGCT,Sphaerobacter (taxid 2056),1,0.125
AACATACCGAGACATG,Prevotella (taxid 838),3,0.375
AACATACCGAGACATG,Spatula rhynchotis (taxid 45633),2,0.25
AACATACCGAGACATG,Escherichia coli (taxid 562),1,0.125
AACATACCGAGACATG,Staphylococcus aureus (taxid 1280),1,0.125
AACATACCGAGACATG,Klebsiella pneumoniae (taxid 573),1,0.125
CGAACGAAACAGAGCA,Spatula rhynchotis (taxid 45633),3,0.375
CGAACGAAACAGAGCA,Escherichia coli (taxid 562),1,0.125
CGAACGAAACAGAGCA,Megeuptychia antonoe (taxid 270084),2,0.25
CGAACGAAACAGAGCA,Klebsiella pneumoniae (taxid 573),1,0.125
CGAACGAAACAGAGCA,Sphaerobacter (taxid 2056),1,0.125
CTTTGTCTGAGGCTGG,Sphaerobacter (taxid 2056),2,0.25
CTTTGTCTGAGGCTGG,Escherichia coli (taxid 562),3,0.375
CTTTGTCTGAGGCTGG,Staphylococcus aureus (taxid 1280),1,0.125
CTTTGTCTGAGGCTGG,Klebsiella pneumoniae (taxid 573),1,0.125
CTTTGTCTGAGGCTGG,Prevotella (taxid 838),1,0.125
TAAATTACCAAATAGT,Klebsiella pneumoniae (taxid 573),2,0.25
TAAATTACCAAATAGT,Escherichia coli (taxid 562),3,0.375
TAAATTACCAAATAGT,Staphylococcus aureus (taxid 1280),3,0.375
GGACGGGATCATCTAT,Spatula rhynchotis (taxid 45633),1,0.125
GGACGGGATCATCTAT,Staphylococcus aureus (taxid 1280),2,0.25
GGACGGGATCATCTAT,Megeuptychia antonoe (taxid 270084),1,0.125
GGACGGGATCATCTAT,Prevotella (taxid 838),2,0.25
GGACGGGATCATCTAT,Escherichia coli (taxid 562),2,0.25
GACTGTTGCCGTCTCA,Klebsiella pneumoniae (taxid 573),2,0.25
GACTGTTGCCGTCTCA,Prevotella (taxid 838),2,0.25
GACTGTTGCCGTCTCA,Staphylococcus aureus (taxid 1280),2,0.25
GACTGTTGCCGTCTCA,Megeuptychia antonoe (taxid 270084),1,0.125
GACTGTTGCCGTCTCA,Spatula rhynchotis (taxid 45633),1,0.125
GGAAGACAGCGCTATG,Escherichia coli (taxid 562),5,0.625
GGAAGACAGCGCTATG,Prevotella (taxid 838),1,0.125
GGAAGACAGCGCTATG,Klebsiella pneumoniae (taxid 573),1,0.125
GGAAGACAGCGCTATG,Spatula rhynchotis (taxid 45633),1,0.125
CTCACCCGATGTCAGT,Prevotella (taxid 838),3,0.375
CTCACCCGATGTCAGT,Staphylococcus aureus (taxid 1280),3,0.375
CTCACCCGATGTCAGT,Escherichia coli (taxid 562),1,0.125
CTCACCCGATGTCAGT,Klebsiella pneumoniae (taxid 573),1,0.125
TTGAAAGAGTGAGTGC,Staphylococcus aureus (taxid 1280),3,0.375
TTGAAAGAGTGAGTGC,Sphaerobacter (taxid 2056),1,0.125
TTGAAAGAGTGAGTGC,Spatula rhynchotis (taxid 45633),4,0.5
CCGGTACTGCGAAATA,Spatula rhynchotis (taxid 45633),3,0.375
CCGGTACTGCGAAATA,Prevotella (taxid 838),1,0.125
CCGGTACTGCGAAATA,Staphylococcus aureus (taxid 1280),1,0.125
CCGGTACTGCGAAATA,Klebsiella pneumoniae (taxid 573),1,0.125
CCGGTACTGCGAAATA,Escherichia coli (taxid 562),1,0.125
CCGGTACTGCGAAATA,Sphaerobacter (taxid 2056),1,0.125
GTGGGAGTTTCTAAAA,Spatula rhynchotis (taxid 45633),1,0.125
GTGGGAGTTTCTAAAA,Prevotella (taxid 838),2,0.25
GTGGGAGTTTCTAAAA,Escherichia coli (taxid 562),2,0.25
GTGGGAGTTTCTAAAA,Staphylococcus aureus (taxid 1280),1,0.125
GTGGGAGTTTCTAAAA,Megeuptychia antonoe (taxid 270084),1,0.125
GTGGGAGTTTCTAAAA,Klebsiella pneumoniae (taxid 573),1,0.125
CGTCGAGGGCACCATG,Staphylococcus aureus (taxid 1280),1,0.125
CGTCGAGGGCACCATG,Sphaerobacter (taxid 2056),3,0.375
CGTCGAGGGCACCATG,Megeuptychia antonoe (taxid 270084),1,0.125
CGTCGAGGGCACCATG,Prevotella (taxid 838),1,0.125
CGTCGAGGGCACCATG,Escherichia coli (taxid 562),2,0.25
TTCCTGGAAAAGGCGA,Spatula rhynchotis (taxid 45633),1,0.125
TTCCTGGAAAAGGCGA,Klebsiella pneumoniae (taxid 573),1,0.125
TTCCTGGAAAAGGCGA,Sphaerobacter (taxid 2056),1,0.125
TTCCTGGAAAAGGCGA,Escherichia coli (taxid 562),2,0.25
TTCCTGGAAAAGGCGA,Staphylococcus aureus (taxid 1280),1,0.125
TTCCTGGAAAAGGCGA,Prevotella (taxid 838),2,0.25
GAGTCATGCTAGCAAG,Escherichia coli (taxid 562),1,0.125
GAGTCATGCTAGCAAG,Megeuptychia antonoe (taxid 270084),2,0.25
GAGTCATGCTAGCAAG,Spatula rhynchotis (taxid 45633),1,0.125
GAGTCATGCTAGCAAG,Prevotella (taxid 838),2,0.25
GAGTCATGCTAGCAAG,Klebsiella pneumoniae (taxid 573),2,0.25
AATAGGGTCGGCCAAT,Klebsiella pneumoniae (taxid 573),1,0.125
AATAGGGTCGGCCAAT,Prevotella (taxid 838),2,0.25
AATAGGGTCGGCCAAT,Megeuptychia antonoe (taxid 270084),3,0.375
AATAGGGTCGGCCAAT,Spatula rhynchotis (taxid 45633),2,0.25
CCTGTCTATAGTTGTC,Spatula rhynchotis (taxid 45633),1,0.125
CCTGTCTATAGTTGTC,Prevotella (taxid 838),1,0.125
CCTGTCTATAGTTGTC,Klebsiella pneumoniae (taxid 573),3,0.375
CCTGTCTATAGTTGTC,Escherichia coli (taxid 562),1,0.125
CCTGTCTATAGTTGTC,Staphylococcus aureus (taxid 1280),1,0.125
CCTGTCTATAGTTGTC,Sphaerobacter (taxid 2056),1,0.125
CCGAAAGCACCGGATA,Escherichia coli (taxid 562),1,0.125
CCGAAAGCACCGGATA,Prevotella (taxid 838),2,0.25
CCGAAAGCACCGGATA,Staphylococcus aureus (taxid 1280),5,0.625
CGCAATCAAACGTTCG,Sphaerobacter (taxid 2056),2,0.25
CGCAATCAAACGTTCG,Prevotella (taxid 838),1,0.125
CGCAATCAAACGTTCG,Staphylococcus aureus (taxid 1280),1,0.125
CGCAATCAAACGTTCG,Klebsiella pneumoniae (taxid 573),1,0.125
CGCAATCAAACGTTCG,Spatula rhynchotis (taxid 45633),2,0.25
CGCAATCAAACGTTCG,Escherichia coli (taxid 562),1,0.125
TCCAATCCTATCTTGT,Staphylococcus aureus (taxid 1280),2,0.25
TCCAATCCTATCTTGT,Prevotella (taxid 838),1,0.125
TCCAATCCTATCTTGT,Escherichia coli (taxid 562),2,0.25
TCCAATCCTATCTTGT,Klebsiella pneumoniae (taxid 573),3,0.375
GCGCCTATAAAGCCAC,Staphylococcus aureus (taxid 1280),1,0.125
GCGCCTATAAAGCCAC,Prevotella (taxid 838),4,0.5
GCGCCTATAAAGCCAC,Spatula rhynchotis (taxid 45633),1,0.125
GCGCCTATAAAGCCAC,Klebsiella pneumoniae (taxid 573),1,0.125
GCGCCTATAAAGCCAC,Megeuptychia antonoe (taxid 270084),1,0.125
TACATATAGCTGTCAA,Klebsiella pneumoniae (taxid 573),4,0.5
TACATATAGCTGTCAA,Escherichia coli (taxid 562),3,0.375
TACATATAGCTGTCAA,Prevotella (taxid 838),1,0.125
ATTCGGAATCCTGACA,Spatula rhynchotis (taxid 45633),2,0.25
ATTCGGAATCCTGACA,Prevotella (taxid 838),2,0.25
ATTCGGAATCCTGACA,Klebsiella pneumoniae (taxid 573),3,0.375
ATTCGGAATCCTGACA,Staphylococcus aureus (taxid 1280),1,0.125
ACGAACGTGACTACCG,Klebsiella pneumoniae (taxid 573),3,0.375
ACGAACGTGACTACCG,Escherichia coli (taxid 562),2,0.25
ACGAACGTGACTACCG,Prevotella (taxid 838),1,0.125
ACGAACGTGACTACCG,Sphaerobacter (taxid 2056),1,0.125
ACGAACGTGACTACCG,Staphylococcus aureus (taxid 1280),1,0.125
CAGGAGACAGGCTCAT,Sphaerobacter (taxid 2056),2,0.25
CAGGAGACAGGCTCAT,Spatula rhynchotis (taxid 45633),3,0.375
CAGGAGACAGGCTCAT,Escherichia coli (taxid 562),1,0.125
CAGGAGACAGGCTCAT,Prevotella (taxid 838),1,0.125
CAGGAGACAGGCTCAT,Staphylococcus aureus (taxid 1280),1,0.125
ACAGCCCTTTCAATCA,Megeuptychia antonoe (taxid 270084),2,0.25
ACAGCCCTTTCAATCA,Staphylococcus aureus (taxid 1280),1,0.125
ACAGCCCTTTCAATCA,Klebsiella pneumoniae (taxid 573),1,0.125
ACAGCCCTTTCAATCA,Prevotella (taxid 838),2,0.25
ACAGCCCTTTCAATCA,Sphaerobacter (taxid 2056),1,0.125
ACAGCCCTTTCAATCA,Spatula rhynchotis (taxid 45633),1,0.125
TAGCACTGTAACGCCT,Klebsiella pneumoniae (taxid 573),1,0.125
TAGCACTGTAACGCCT,Staphylococcus aureus (taxid 1280),4,0.5
TAGCACTGTAACGCCT,Escherichia coli (taxid 562),2,0.25
TAGCACTGTAACGCCT,Spatula rhynchotis (taxid 45633),1,0.125
AGGTAATTAAGACAGA,Staphylococcus aureus (taxid 1280),2,0.25
AGGTAATTAAGACAGA,Prevotella (taxid 838),2,0.25
AGGTAATTAAGACAGA,Klebsiella pneumoniae (taxid 573),2,0.25
AGGTAATTAAGACAGA,Escherichia coli (taxid 562),1,0.125
AGGTAATTAAGACAGA,Spatula rhynchotis (taxid 45633),1,0.125
GCTGGTTACGGTACTA,Escherichia coli (taxid 562),3,0.375
GCTGGTTACGGTACTA,Staphylococcus aureus (taxid 1280),1,0.125
GCTGGTTACGGTACTA,Prevotella (taxid 838),1,0.125
GCTGGTTACGGTACTA,Spatula rhynchotis (taxid 45633),2,0.25
GCTGGTTACGGTACTA,Megeuptychia antonoe (taxid 270084),1,0.125
AGTTCGCGGAGTCACA,Spatula rhynchotis (taxid 45633),3,0.375
AGTTCGCGGAGTCACA,Prevotella (taxid 838),1,0.125
AGTTCGCGGAGTCACA,Megeuptychia antonoe (taxid 270084),3,0.375
AGTTCGCGGAGTCACA,Staphylococcus aureus (taxid 1280),1,0.125
TACGTATATATCCTCA,Escherichia coli (taxid 562),1,0.125
TACGTATATATCCTCA,Prevotella (taxid 838),2,0.25
TACGTATATATCCTCA,Megeuptychia antonoe (taxid 270084),2,0.25
TACGTATATATCCTCA,Spatula rhynchotis (taxid 45633),1,0.125
TACGTATATATCCTCA,Klebsiella pneumoniae (taxid 573),2,0.25
AGGTTAAGACGGGTTC,Staphylococcus aureus (taxid 1280),3,0.375
AGGTTAAGACGGGTTC,Escherichia coli (taxid 562),1,0.125
AGGTTAAGACGGGTTC,Prevotella (taxid 838),2,0.25
AGGTTAAGACGGGTTC,Megeuptychia antonoe (taxid 270084),1,0.125
AGGTTAAGACGGGTTC,Sphaerobacter (taxid 2056),1,0.125
TCGTCCCCGTTCCTGC,Prevotella (taxid 838),3,0.375
TCGTCCCCGTTCCTGC,Escherichia coli (taxid 562),1,0.125
TCGTCCCCGTTCCTGC,Klebsiella pneumoniae (taxid 573),3,0.375
TCGTCCCCGTTCCTGC,Spatula rhynchotis (taxid 45633),1,0.125
AAAGGTGAAGATGTAC,Megeuptychia antonoe (taxid 270084),3,0.375
AAAGGTGAAGATGTAC,Klebsiella pneumoniae (taxid 573),2,0.25
AAAGGTGAAGATGTAC,Spatula rhynchotis (taxid 45633),2,0.25
AAAGGTGAAGATGTAC,Escherichia coli (taxid 562),1,0.125
CGGTCTCGCCGGAACC,Megeuptychia antonoe (taxid 270084),1,0.125
CGGTCTCGCCGGAACC,Klebsiella pneumoniae (taxid 573),4,0.5
CGGTCTCGCCGGAACC,Staphylococcus aureus (taxid 1280),2,0.25
CGGTCTCGCCGGAACC,Spatula rhynchotis (taxid 45633),1,0.125
TCGAGGGACACGCGCC,Spatula rhynchotis (taxid 45633),2,0.25
TCGAGGGACACGCGCC,Megeuptychia antonoe (taxid 270084),3,0.375
TCGAGGGACACGCGCC,Klebsiella pneumoniae (taxid 573),1,0.125
TCGAGGGACACGCGCC,Escherichia coli (taxid 562),1,0.125
TCGAGGGACACGCGCC,Prevotella (taxid 838),1,0.125
CGGCGAAAGGGGCGCA,Spatula rhynchotis (taxid 45633),3,0.375
CGGCGAAAGGGGCGCA,Escherichia coli (taxid 562),1,0.125
CGGCGAAAGGGGCGCA,Sphaerobacter (taxid 2056),1,0.125
CGGCGAAAGGGGCGCA,Prevotella (taxid 838),1,0.125
CGGCGAAAGGGGCGCA,Megeuptychia antonoe (taxid 270084),1,0.125
CGGCGAAAGGGGCGCA,Klebsiella pneumoniae (taxid 573),1,0.125
TCGAGACACTTGATTT,Escherichia coli (taxid 562),2,0.25
TCGAGACACTTGATTT,Spatula rhynchotis (taxid 45633),1,0.125
TCGAGACACTTGATTT,Sphaerobacter (taxid 2056),2,0.25
TCGAGACACTTGATTT,Prevotella (taxid 838),2,0.25
TCGAGACACTTGATTT,Staphylococcus aureus (taxid 1280),1,0.125
CTGCGAGGAATCCGCA,Escherichia coli (taxid 562),3,0.375
CTGCGAGGAATCCGCA,Staphylococcus aureus (taxid 1280),1,0.125
CTGCGAGGAATCCGCA,Klebsiella pneumoniae (taxid 573),1,0.125
CTGCGAGGAATCCGCA,Spatula rhynchotis (taxid 45633),2,0.25
CTGCGAGGAATCCGCA,Megeuptychia antonoe (taxid 270084),1,0.125
TTTACGGGATGGGCAA,Prevotella (taxid 838),1,0.125
TTTACGGGATGGGCAA,Escherichia coli (taxid 562),4,0.5
TTTACGGGATGGGCAA,Klebsiella pneumoniae (taxid 573),2,0.25
TTTACGGGATGGGCAA,Megeuptychia antonoe (taxid 270084),1,0.125
CACTGGTAGACACTGT,Klebsiella pneumoniae (taxid 573),2,0.25
CACTGGTAGACACTGT,Megeuptychia antonoe (taxid 270084),3,0.375
CACTGGTAGACACTGT,Prevotella (taxid 838),2,0.25
CACTGGTAGACACTGT,Staphylococcus aureus (taxid 1280),1,0.125
TCCCTCCCTTATGACG,Escherichia coli (taxid 562),4,0.5
TCCCTCCCTTATGACG,Klebsiella pneumoniae (taxid 573),1,0.125
TCCCTCCCTTATGACG,Spatula rhynchotis (taxid 45633),1,0.125
TCCCTCCCTTATGACG,Staphylococcus aureus (taxid 1280),1,0.125
TCCCTCCCTTATGACG,Prevotella (taxid 838),1,0.125
ATTGAATGTTGTCCGC,Spatula rhynchotis (taxid 45633),1,0.125
ATTGAATGTTGTCCGC,Prevotella (taxid 838),4,0.5
ATTGAATGTTGTCCGC,Klebsiella pneumoniae (taxid 573),1,0.125
ATTGAATGTTGTCCGC,Megeuptychia antonoe (taxid 270084),2,0.25
CCAAGGTTTCGGATTG,Megeuptychia antonoe (taxid 270084),5,0.625
CCAAGGTTTCGGATTG,Sphaerobacter (taxid 2056),1,0.125
CCAAGGTTTCGGATTG,Staphylococcus aureus (taxid 1280),1,0.125
CCAAGGTTTCGGATTG,Klebsiella pneumoniae (taxid 573),1,0.125
TATTGGGATAACGCCG,Sphaerobacter (taxid 2056),1,0.125
TATTGGGATAACGCCG,Megeuptychia antonoe (taxid 270084),3,0.375
TATTGGGATAACGCCG,Prevotella (taxid 838),1,0.125
TATTGGGATAACGCCG,Spatula rhynchotis (taxid 45633),1,0.125
TATTGGGATAACGCCG,Escherichia coli (taxid 562),1,0.125
TATTGGGATAACGCCG,Klebsiella pneumoniae (taxid 573),1,0.125
GAGGTTGGGAAGCCAA,Sphaerobacter (taxid 2056),1,0.125
GAGGTTGGGAAGCCAA,Klebsiella pneumoniae (taxid 573),1,0.125
GAGGTTGGGAAGCCAA,Staphylococcus aureus (taxid 1280),2,0.25
GAGGTTGGGAAGCCAA,Megeuptychia antonoe (taxid 270084),1,0.125
GAGGTTGGGAAGCCAA,Prevotella (taxid 838),2,0.25
GAGGTTGGGAAGCCAA,Spatula rhynchotis (taxid 45633),1,0.125
ACTAAATACAAGTCCA,Staphylococcus aureus (taxid 1280),3,0.375
ACTAAATACAAGTCCA,Klebsiella pneumoniae (taxid 573),2,0.25
ACTAAATACAAGTCCA,Prevotella (taxid 838),1,0.125
ACTAAATACAAGTCCA,Escherichia coli (taxid 562),2,0.25
AAACAGGTAGATAATT,Klebsiella pneumoniae (taxid 573),2,0.25
AAACAGGTAGATAATT,Escherichia coli (taxid 562),3,0.375
AAACAGGTAGATAATT,Staphylococcus aureus (taxid 1280),3,0.375
CCGTGGATGACGATGG,Spatula rhynchotis (taxid 45633),2,0.25
CCGTGGATGACGATGG,Escherichia coli (taxid 562),3,0.375
CCGTGGATGACGATGG,Staphylococcus aureus (taxid 1280),1,0.125
CCGTGGATGACGATGG,Klebsiella pneumoniae (taxid 573),2,0.25
CCCTCGACCGCTCACC,Prevotella (taxid 838),3,0.375
CCCTCGACCGCTCACC,Megeuptychia antonoe (taxid 270084),2,0.25
CCCTCGACCGCTCACC,Spatula rhynchotis (taxid 45633),1,0.125
CCCTCGACCGCTCACC,Escherichia coli (taxid 562),1,0.125
CCCTCGACCGCTCACC,Klebsiella pneumoniae (taxid 573),1,0.125
CCGGGACGAGGCCCGC,Prevotella (taxid 838),2,0.25
CCGGGACGAGGCCCGC,Spatula rhynchotis (taxid 45633),1,0.125
CCGGGACGAGGCCCGC,Staphylococcus aureus (taxid 1280),3,0.375
CCGGGACGAGGCCCGC,Megeuptychia antonoe (taxid 270084),1,0.125
CCGGGACGAGGCCCGC,Sphaerobacter (taxid 2056),1,0.125
AGCTCCCAGACGTAAT,Prevotella (taxid 838),3,0.375
AGCTCCCAGACGTAAT,Escherichia coli (taxid 562),3,0.375
AGCTCCCAGACGTAAT,Sphaerobacter (taxid 2056),1,0.125
AGCTCCCAGACGTAAT,Megeuptychia antonoe (taxid 270084),1,0.125
GATAGGTCTGCACAGT,Escherichia coli (taxid 562),2,0.25
GATAGGTCTGCACAGT,Spatula rhynchotis (taxid 45633),3,0.375
GATAGGTCTGCACAGT,Staphylococcus aureus (taxid 1280),1,0.125
GATAGGTCTGCACAGT,Klebsiella pneumoniae (taxid 573),1,0.125
GATAGGTCTGCACAGT,Sphaerobacter (taxid 2056),1,0.125
GGTCCACGTTGCCTTT,Klebsiella pneumoniae (taxid 573),1,0.125
GGTCCACGTTGCCTTT,Staphylococcus aureus (taxid 1280),2,0.25
GGTCCACGTTGCCTTT,Prevotella (taxid 838),1,0.125
GGTCCACGTTGCCTTT,Spatula rhynchotis (taxid 45633),1,0.125
GGTCCACGTTGCCTTT,Escherichia coli (taxid 562),2,0.25
GGTCCACGTTGCCTTT,Sphaerobacter (taxid 2056),1,0.125
TTACGAAATAGAGGGA,Prevotella (taxid 838),4,0.5
TTACGAAATAGAGGGA,Spatula rhynchotis (taxid 45633),1,0.125
TTACGAAATAGAGGGA,Staphylococcus aureus (taxid 1280),2,0.25
TTACGAAATAGAGGGA,Escherichia coli (taxid 562),1,0.125
CTCTGGACCACCACTA,Staphylococcus aureus (taxid 1280),2,0.25
CTCTGGACCACCACTA,Klebsiella pneumoniae (taxid 573),3,0.375
CTCTGGACCACCACTA,Prevotella (taxid 838),2,0.25
CTCTGGACCACCACTA,Escherichia coli (taxid 562),1,0.125
CATGCGCACAATTCAT,Staphylococcus aureus (taxid 1280),2,0.25
CATGCGCACAATTCAT,Prevotella (taxid 838),1,0.125
CATGCGCACAATTCAT,Klebsiella pneumoniae (taxid 573),2,0.25
CATGCGCACAATTCAT,Spatula rhynchotis (taxid 45633),1,0.125
CATGCGCACAATTCAT,Megeuptychia antonoe (taxid 270084),1,0.125
CATGCGCACAATTCAT,Escherichia coli (taxid 562),1,0.125
CTTTGCCCTTTGCGTG,Spatula rhynchotis (taxid 45633),3,0.375
CTTTGCCCTTTGCGTG,Escherichia coli (taxid 562),1,0.125
CTTTGCCCTTTGCGTG,Prevotella (taxid 838),2,0.25
CTTTGCCCTTTGCGTG,Megeuptychia antonoe (taxid 270084),2,0.25
CGGTCTGTCAGTCGGA,Prevotella (taxid 838),2,0.25
CGGTCTGTCAGTCGGA,Escherichia coli (taxid 562),2,0.25
CGGTCTGTCAGTCGGA,Spatula rhynchotis (taxid 45633),1,0.125
CGGTCTGTCAGTCGGA,Klebsiella pneumoniae (taxid 573),1,0.125
CGGTCTGTCAGTCGGA,Megeuptychia antonoe (taxid 270084),1,0.125
CGGTCTGTCAGTCGGA,Staphylococcus aureus (taxid 1280),1,0.125
GAATGTAAGGAGGAAG,Megeuptychia antonoe (taxid 270084),1,0.125
GAATGTAAGGAGGAAG,Staphylococcus aureus (taxid 1280),2,0.25
GAATGTAAGGAGGAAG,Klebsiella pneumoniae (taxid 573),2,0.25
GAATGTAAGGAGGAAG,Prevotella (taxid 838),1,0.125
GAATGTAAGGAGGAAG,Escherichia coli (taxid 562),2,0.25
TCATTTCATGTGTGTT,Megeuptychia antonoe (taxid 270084),3,0.375
TCATTTCATGTGTGTT,Prevotella (taxid 838),1,0.125
TCATTTCATGTGTGTT,Sphaerobacter (taxid 2056),3,0.375
TCATTTCATGTGTGTT,Escherichia coli (taxid 562),1,0.125
TGATGAACCACCATGT,Escherichia coli (taxid 562),2,0.25
TGATGAACCACCATGT,Megeuptychia antonoe (taxid 270084),1,0.125
TGATGAACCACCATGT,Staphylococcus aureus (taxid 1280),4,0.5
TGATGAACCACCATGT,Prevotella (taxid 838),1,0.125
TCACCTACAGCCTGGT,Sphaerobacter (taxid 2056),2,0.25
TCACCTACAGCCTGGT,Escherichia coli (taxid 562),2,0.25
TCACCTACAGCCTGGT,Prevotella (taxid 838),3,0.375
TCACCTACAGCCTGGT,Megeuptychia antonoe (taxid 270084),1,0.125
AATCTAGGGCAGTCCG,Sphaerobacter (taxid 2056),1,0.125
AATCTAGGGCAGTCCG,Klebsiella pneumoniae (taxid 573),2,0.25
AATCTAGGGCAGTCCG,Escherichia coli (taxid 562),1,0.125
AATCTAGGGCAGTCCG,Megeuptychia antonoe (taxid 270084),1,0.125
AATCTAGGGCAGTCCG,Staphylococcus aureus (taxid 1280),1,0.125
AATCTAGGGCAGTCCG,Prevotella (taxid 838),1,0.125
AATCTAGGGCAGTCCG,Spatula rhynchotis (taxid 45633),1,0.125
CCTTCCCTTAACTTTC,Staphylococcus aureus (taxid 1280),4,0.5
CCTTCCCTTAACTTTC,Prevotella (taxid 838),2,0.25
CCTTCCCTTAACTTTC,Megeuptychia antonoe (taxid 270084),1,0.125
CCTTCCCTTAACTTTC,Klebsiella pneumoniae (taxid 573),1,0.125
ATGACCCAAAGCCGGC,Prevotella (taxid 838),1,0.125
ATGACCCAAAGCCGGC,Sphaerobacter (taxid 2056),1,0.125
ATGACCCAAAGCCGGC,Staphylococcus aureus (taxid 1280),1,0.125
ATGACCCAAAGCCGGC,Escherichia coli (taxid 562),3,0.375
ATGACCCAAAGCCGGC,Klebsiella pneumoniae (taxid 573),1,0.125
ATGACCCAAAGCCGGC,Spatula rhynchotis (taxid 45633),1,0.125
GGATCTCAACAACGGA,Prevotella (taxid 838),2,0.25
GGATCTCAACAACGGA,Escherichia coli (taxid 562),2,0.25
GGATCTCAACAACGGA,Spatula rhynchotis (taxid 45633),2,0.25
GGATCTCAACAACGGA,Staphylococcus aureus (taxid 1280),2,0.25
TTTATTAACGATGGCA,Escherichia coli (taxid 562),1,0.125
TTTATTAACGATGGCA,Klebsiella pneumoniae (taxid 573),3,0.375
TTTATTAACGATGGCA,Spatula rhynchotis (taxid 45633),1,0.125
TTTATTAACGATGGCA,Prevotella (taxid 838),2,0.25
TTTATTAACGATGGCA,Staphylococcus aureus (taxid 1280),1,0.125
CGACCTTAACGCTTGG,Megeuptychia antonoe (taxid 270084),1,0.125
CGACCTTAACGCTTGG,Escherichia coli (taxid 562),4,0.5
CGACCTTAACGCTTGG,Staphylococcus aureus (taxid 1280),2,0.25
CGACCTTAACGCTTGG,Spatula rhynchotis (taxid 45633),1,0.125
TCTGGGTTACACGCGA,Klebsiella pneumoniae (taxid 573),1,0.125
TCTGGGTTACACGCGA,Prevotella (taxid 838),2,0.25
TCTGGGTTACACGCGA,Spatula rhynchotis (taxid 45633),2,0.25
TCTGGGTTACACGCGA,Sphaerobacter (taxid 2056),1,0.125
TCTGGGTTACACGCGA,Staphylococcus aureus (taxid 1280),2,0.25
CTAGACAGGCGTACCT,Staphylococcus aureus (taxid 1280),2,0.2857142857142857
CTAGACAGGCGTACCT,Prevotella (taxid 838),1,0.14285714285714285
CTAGACAGGCGTACCT,Escherichia coli (taxid 562),3,0.42857142857142855
CTAGACAGGCGTACCT,Klebsiella pneumoniae (taxid 573),1,0.14285714285714285
ACATCGGGATAGGTTG,Megeuptychia antonoe (taxid 270084),1,0.125
ACATCGGGATAGGTTG,Staphylococcus aureus (taxid 1280),2,0.25
ACATCGGGATAGGTTG,Prevotella (taxid 838),1,0.125
ACATCGGGATAGGTTG,Sphaerobacter (taxid 2056),1,0.125
ACATCGGGATAGGTTG,Escherichia coli (taxid 562),1,0.125
ACATCGGGATAGGTTG,Spatula rhynchotis (taxid 45633),1,0.125
ACATCGGGATAGGTTG,Klebsiella pneumoniae (taxid 573),1,0.125
TCGGGGAATCGAGCAA,Klebsiella pneumoniae (taxid 573),2,0.25
TCGGGGAATCGAGCAA,Staphylococcus aureus (taxid 1280),2,0.25
TCGGGGAATCGAGCAA,Escherichia coli (taxid 562),3,0.375
TCGGGGAATCGAGCAA,Prevotella (taxid 838),1,0.125
GAGGGCCTGGTAGTGT,Escherichia coli (taxid 562),2,0.25
GAGGGCCTGGTAGTGT,Sphaerobacter (taxid 2056),1,0.125
GAGGGCCTGGTAGTGT,Staphylococcus aureus (taxid 1280),5,0.625
CGGCAGGCGTGCGGCT,Sphaerobacter (taxid 2056),1,0.125
CGGCAGGCGTGCGGCT,Prevotella (taxid 838),4,0.5
CGGCAGGCGTGCGGCT,Staphylococcus aureus (taxid 1280),2,0.25
CGGCAGGCGTGCGGCT,Megeuptychia antonoe (taxid 270084),1,0.125
AGATGGACGCTGATGA,Prevotella (taxid 838),2,0.25
AGATGGACGCTGATGA,Klebsiella pneumoniae (taxid 573),3,0.375
AGATGGACGCTGATGA,Spatula rhynchotis (taxid 45633),1,0.125
AGATGGACGCTGATGA,Escherichia coli (taxid 562),1,0.125
AGATGGACGCTGATGA,Staphylococcus aureus (taxid 1280),1,0.125
TCTCGCCAGACCCCCT,Megeuptychia antonoe (taxid 270084),2,0.25
TCTCGCCAGACCCCCT,Escherichia coli (taxid 562),2,0.25
TCTCGCCAGACCCCCT,Sphaerobacter (taxid 2056),2,0.25
TCTCGCCAGACCCCCT,Prevotella (taxid 838),1,0.125
TCTCGCCAGACCCCCT,Staphylococcus aureus (taxid 1280),1,0.125
AGTCATTATTCCAATC,Klebsiella pneumoniae (taxid 573),2,0.25
AGTCATTATTCCAATC,Prevotella (taxid 838),3,0.375
AGTCATTATTCCAATC,Spatula rhynchotis (taxid 45633),2,0.25
AGTCATTATTCCAATC,Sphaerobacter (taxid 2056),1,0.125
GCTTTCTGGATAGTTA,Spatula rhynchotis (taxid 45633),4,0.5
GCTTTCTGGATAGTTA,Prevotella (taxid 838),1,0.125
GCTTTCTGGATAGTTA,Escherichia coli (taxid 562),2,0.25
GCTTTCTGGATAGTTA,Staphylococcus aureus (taxid 1280),1,0.125
TTCAGGCCTAATAAAC,Klebsiella pneumoniae (taxid 573),1,0.125
TTCAGGCCTAATAAAC,Prevotella (taxid 838),2,0.25
TTCAGGCCTAATAAAC,Escherichia coli (taxid 562),2,0.25
TTCAGGCCTAATAAAC,Sphaerobacter (taxid 2056),1,0.125
TTCAGGCCTAATAAAC,Spatula rhynchotis (taxid 45633),2,0.25
TCAGGGCTCTTTGAGA,Spatula rhynchotis (taxid 45633),4,0.5
TCAGGGCTCTTTGAGA,Escherichia coli (taxid 562),1,0.125
TCAGGGCTCTTTGAGA,Staphylococcus aureus (taxid 1280),2,0.25
TCAGGGCTCTTTGAGA,Megeuptychia antonoe (taxid 270084),1,0.125
TCTTTTTGAGCACTGT,Megeuptychia antonoe (taxid 270084),6,0.75
TCTTTTTGAGCACTGT,Prevotella (taxid 838),1,0.125
TCTTTTTGAGCACTGT,Escherichia coli (taxid 562),1,0.125
TACGCCTGACCCATGT,Spatula rhynchotis (taxid 45633),1,0.125
TACGCCTGACCCATGT,Klebsiella pneumoniae (taxid 573),4,0.5
TACGCCTGACCCATGT,Staphylococcus aureus (taxid 1280),2,0.25
TACGCCTGACCCATGT,Prevotella (taxid 838),1,0.125
CGTCCTGGTACTGCAG,Escherichia coli (taxid 562),3,0.375
CGTCCTGGTACTGCAG,Megeuptychia antonoe (taxid 270084),3,0.375
CGTCCTGGTACTGCAG,Klebsiella pneumoniae (taxid 573),2,0.25
TGCCACTTTATTTATT,Staphylococcus aureus (taxid 1280),2,0.25
TGCCACTTTATTTATT,Prevotella (taxid 838),3,0.375
TGCCACTTTATTTATT,Spatula rhynchotis (taxid 45633),1,0.125
TGCCACTTTATTTATT,Klebsiella pneumoniae (taxid 573),1,0.125
TGCCACTTTATTTATT,Megeuptychia antonoe (taxid 270084),1,0.125
ATTCCTGGTTCCTTTT,Escherichia coli (taxid 562),3,0.375
ATTCCTGGTTCCTTTT,Klebsiella pneumoniae (taxid 573),1,0.125
ATTCCTGGTTCCTTTT,Megeuptychia antonoe (taxid 270084),2,0.25
ATTCCTGGTTCCTTTT,Staphylococcus aureus (taxid 1280),2,0.25
TAATCATATCTCGCTC,Staphylococcus aureus (taxid 1280),1,0.125
TAATCATATCTCGCTC,Spatula rhynchotis (taxid 45633),2,0.25
TAATCATATCTCGCTC,Prevotella (taxid 838),2,0.25
TAATCATATCTCGCTC,Megeuptychia antonoe (taxid 270084),2,0.25
TAATCATATCTCGCTC,Sphaerobacter (taxid 2056),1,0.125
TCTGTAGGCGGTTTCA,Escherichia coli (taxid 562),2,0.25
TCTGTAGGCGGTTTCA,Spatula rhynchotis (taxid 45633),1,0.125
TCTGTAGGCGGTTTCA,Sphaerobacter (taxid 2056),1,0.125
TCTGTAGGCGGTTTCA,Staphylococcus aureus (taxid 1280),2,0.25
TCTGTAGGCGGTTTCA,Prevotella (taxid 838),2,0.25
CACTGTCCAATGTCTT,Megeuptychia antonoe (taxid 270084),3,0.375
CACTGTCCAATGTCTT,Escherichia coli (taxid 562),3,0.375
CACTGTCCAATGTCTT,Klebsiella pneumoniae (taxid 573),1,0.125
CACTGTCCAATGTCTT,Spatula rhynchotis (taxid 45633),1,0.125
GTCGGGCGTGAGGATC,Staphylococcus aureus (taxid 1280),3,0.375
GTCGGGCGTGAGGATC,Prevotella (taxid 838),1,0.125
GTCGGGCGTGAGGATC,Escherichia coli (taxid 562),2,0.25
GTCGGGCGTGAGGATC,Spatula rhynchotis (taxid 45633),1,0.125
GTCGGGCGTGAGGATC,Klebsiella pneumoniae (taxid 573),1,0.125
AATCACATCGAGCTTG,Spatula rhynchotis (taxid 45633),1,0.125
AATCACATCGAGCTTG,Staphylococcus aureus (taxid 1280),4,0.5
AATCACATCGAGCTTG,Escherichia coli (taxid 562),1,0.125
AATCACATCGAGCTTG,Prevotella (taxid 838),2,0.25
AGGAACTTGCCTCGGC,Prevotella (taxid 838),4,0.5
AGGAACTTGCCTCGGC,Staphylococcus aureus (taxid 1280),2,0.25
AGGAACTTGCCTCGGC,Escherichia coli (taxid 562),2,0.25
ACATTTCCCACCGAGC,Klebsiella pneumoniae (taxid 573),3,0.375
ACATTTCCCACCGAGC,Staphylococcus aureus (taxid 1280),1,0.125
ACATTTCCCACCGAGC,Prevotella (taxid 838),1,0.125
ACATTTCCCACCGAGC,Spatula rhynchotis (taxid 45633),1,0.125
ACATTTCCCACCGAGC,Escherichia coli (taxid 562),2,0.25
GTCACCGAATGCTAGT,Sphaerobacter (taxid 2056),2,0.25
GTCACCGAATGCTAGT,Prevotella (taxid 838),2,0.25
GTCACCGAATGCTAGT,Klebsiella pneumoniae (taxid 573),2,0.25
GTCACCGAATGCTAGT,Staphylococcus aureus (taxid 1280),1,0.125
GTCACCGAATGCTAGT,Spatula rhynchotis (taxid 45633),1,0.125
CAGAGCGCAGTAATTT,Klebsiella pneumoniae (taxid 573),4,0.5
CAGAGCGCAGTAATTT,Escherichia coli (taxid 562),2,0.25
CAGAGCGCAGTAATTT,Staphylococcus aureus (taxid 1280),2,0.25
GTAGAACTTATACTTA,Staphylococcus aureus (taxid 1280),3,0.375
GTAGAACTTATACTTA,Escherichia coli (taxid 562),2,0.25
GTAGAACTTATACTTA,Prevotella (taxid 838),3,0.375
AGATTTTGTGAGTAAT,Staphylococcus aureus (taxid 1280),2,0.25
AGATTTTGTGAGTAAT,Sphaerobacter (taxid 2056),1,0.125
AGATTTTGTGAGTAAT,Spatula rhynchotis (taxid 45633),1,0.125
AGATTTTGTGAGTAAT,Prevotella (taxid 838),3,0.375
AGATTTTGTGAGTAAT,Klebsiella pneumoniae (taxid 573),1,0.125
TTGGGGTTGAGCGTTG,Staphylococcus aureus (taxid 1280),3,0.375
TTGGGGTTGAGCGTTG,Klebsiella pneumoniae (taxid 573),2,0.25
TTGGGGTTGAGCGTTG,Prevotella (taxid 838),1,0.125
TTGGGGTTGAGCGTTG,Escherichia coli (taxid 562),2,0.25
GTAGAGCCTCTGTGGG,Sphaerobacter (taxid 2056),1,0.125
GTAGAGCCTCTGTGGG,Prevotella (taxid 838),2,0.25
GTAGAGCCTCTGTGGG,Escherichia coli (taxid 562),2,0.25
GTAGAGCCTCTGTGGG,Staphylococcus aureus (taxid 1280),1,0.125
GTAGAGCCTCTGTGGG,Klebsiella pneumoniae (taxid 573),2,0.25
CCCCACGGAGTAAAGT,Klebsiella pneumoniae (taxid 573),4,0.5
CCCCACGGAGTAAAGT,Spatula rhynchotis (taxid 45633),1,0.125
CCCCACGGAGTAAAGT,Prevotella (taxid 838),1,0.125
CCCCACGGAGTAAAGT,Megeuptychia antonoe (taxid 270084),1,0.125
CCCCACGGAGTAAAGT,Escherichia coli (taxid 562),1,0.125
CAACCTGGTAGTAAAA,Escherichia coli (taxid 562),2,0.25
CAACCTGGTAGTAAAA,Staphylococcus aureus (taxid 1280),4,0.5
CAACCTGGTAGTAAAA,Megeuptychia antonoe (taxid 270084),1,0.125
CAACCTGGTAGTAAAA,Prevotella (taxid 838),1,0.125
CCGCAAGCCCATCGGT,Prevotella (taxid 838),4,0.5
CCGCAAGCCCATCGGT,Escherichia coli (taxid 562),1,0.125
CCGCAAGCCCATCGGT,Klebsiella pneumoniae (taxid 573),1,0.125
CCGCAAGCCCATCGGT,Spatula rhynchotis (taxid 45633),1,0.125
CCGCAAGCCCATCGGT,Staphylococcus aureus (taxid 1280),1,0.125
AGCATAGTGCAGATGC,Megeuptychia antonoe (taxid 270084),4,0.5
AGCATAGTGCAGATGC,Escherichia coli (taxid 562),1,0.125
AGCATAGTGCAGATGC,Prevotella (taxid 838),2,0.25
AGCATAGTGCAGATGC,Spatula rhynchotis (taxid 45633),1,0.125
ACTCGACGACTATGAA,Prevotella (taxid 838),2,0.25
ACTCGACGACTATGAA,Staphylococcus aureus (taxid 1280),3,0.375
ACTCGACGACTATGAA,Escherichia coli (taxid 562),1,0.125
ACTCGACGACTATGAA,Klebsiella pneumoniae (taxid 573),2,0.25
CAACGAAGGGAACTTA,Klebsiella pneumoniae (taxid 573),4,0.5
CAACGAAGGGAACTTA,Spatula rhynchotis (taxid 45633),1,0.125
CAACGAAGGGAACTTA,Staphylococcus aureus (taxid 1280),1,0.125
CAACGAAGGGAACTTA,Escherichia coli (taxid 562),1,0.125
CAACGAAGGGAACTTA,Prevotella (taxid 838),1,0.125
GCACTAGCCCGAATTC,Staphylococcus aureus (taxid 1280),1,0.125
GCACTAGCCCGAATTC,Spatula rhynchotis (taxid 45633),1,0.125
GCACTAGCCCGAATTC,Prevotella (taxid 838),1,0.125
GCACTAGCCCGAATTC,Megeuptychia antonoe (taxid 270084),1,0.125
GCACTAGCCCGAATTC,Escherichia coli (taxid 562),1,0.125
GCACTAGCCCGAATTC,Sphaerobacter (taxid 2056),1,0.125
GCACTAGCCCGAATTC,Klebsiella pneumoniae (taxid 573),2,0.25
AGAACATTCCTTGTAG,Escherichia coli (taxid 562),2,0.25
AGAACATTCCTTGTAG,Prevotella (taxid 838),1,0.125
AGAACATTCCTTGTAG,Spatula rhynchotis (taxid 45633),2,0.25
AGAACATTCCTTGTAG,Megeuptychia antonoe (taxid 270084),1,0.125
AGAACATTCCTTGTAG,Klebsiella pneumoniae (taxid 573),2,0.25
CGGTCGACATTGTGTT,Klebsiella pneumoniae (taxid 573),3,0.375
CGGTCGACATTGTGTT,Escherichia coli (taxid 562),2,0.25
CGGTCGACATTGTGTT,Sphaerobacter (taxid 2056),1,0.125
CGGTCGACATTGTGTT,Staphylococcus aureus (taxid 1280),1,0.125
CGGTCGACATTGTGTT,Spatula rhynchotis (taxid 45633),1,0.125
TTTTTAAACATTCCAA,Staphylococcus aureus (taxid 1280),2,0.25
TTTTTAAACATTCCAA,Escherichia coli (taxid 562),1,0.125
TTTTTAAACATTCCAA,Prevotella (taxid 838),2,0.25
TTTTTAAACATTCCAA,Spatula rhynchotis (taxid 45633),1,0.125
TTTTTAAACATTCCAA,Klebsiella pneumoniae (taxid 573),2,0.25
AGCTTCATACCAGGAC,Megeuptychia antonoe (taxid 270084),1,0.125
AGCTTCATACCAGGAC,Prevotella (taxid 838),2,0.25
AGCTTCATACCAGGAC,Escherichia coli (taxid 562),3,0.375
AGCTTCATACCAGGAC,Klebsiella pneumoniae (taxid 573),2,0.25
AAAGCCTCGCCCCAGG,Megeuptychia antonoe (taxid 270084),1,0.125
AAAGCCTCGCCCCAGG,Staphylococcus aureus (taxid 1280),3,0.375
AAAGCCTCGCCCCAGG,Escherichia coli (taxid 562),1,0.125
AAAGCCTCGCCCCAGG,Sphaerobacter (taxid 2056),1,0.125
AAAGCCTCGCCCCAGG,Klebsiella pneumoniae (taxid 573),1,0.125
AAAGCCTCGCCCCAGG,Prevotella (taxid 838),1,0.125
GCACAACCGTCAAAGG,Prevotella (taxid 838),1,0.125
GCACAACCGTCAAAGG,Megeuptychia antonoe (taxid 270084),2,0.25
GCACAACCGTCAAAGG,Escherichia coli (taxid 562),3,0.375
GCACAACCGTCAAAGG,Staphylococcus aureus (taxid 1280),1,0.125
GCACAACCGTCAAAGG,Spatula rhynchotis (taxid 45633),1,0.125
GGTGATCATCAACTTA,Prevotella (taxid 838),2,0.25
GGTGATCATCAACTTA,Spatula rhynchotis (taxid 45633),3,0.375
GGTGATCATCAACTTA,Staphylococcus aureus (taxid 1280),2,0.25
GGTGATCATCAACTTA,Escherichia coli (taxid 562),1,0.125
ATAATATAATGTAGCC,Klebsiella pneumoniae (taxid 573),3,0.375
ATAATATAATGTAGCC,Escherichia coli (taxid 562),2,0.25
ATAATATAATGTAGCC,Megeuptychia antonoe (taxid 270084),1,0.125
ATAATATAATGTAGCC,Spatula rhynchotis (taxid 45633),1,0.125
ATAATATAATGTAGCC,Prevotella (taxid 838),1,0.125
TGGTCCAGGTACCCAT,Staphylococcus aureus (taxid 1280),2,0.25
TGGTCCAGGTACCCAT,Escherichia coli (taxid 562),1,0.125
TGGTCCAGGTACCCAT,Sphaerobacter (taxid 2056),1,0.125
TGGTCCAGGTACCCAT,Prevotella (taxid 838),1,0.125
TGGTCCAGGTACCCAT,Klebsiella pneumoniae (taxid 573),2,0.25
TGGTCCAGGTACCCAT,Megeuptychia antonoe (taxid 270084),1,0.125
AAGGTGCGGTTGCGGC,Prevotella (taxid 838),2,0.25
AAGGTGCGGTTGCGGC,Megeuptychia antonoe (taxid 270084),2,0.25
AAGGTGCGGTTGCGGC,Escherichia coli (taxid 562),1,0.125
AAGGTGCGGTTGCGGC,Staphylococcus aureus (taxid 1280),1,0.125
AAGGTGCGGTTGCGGC,Klebsiella pneumoniae (taxid 573),1,0.125
AAGGTGCGGTTGCGGC,Spatula rhynchotis (taxid 45633),1,0.125
CTTGGCTACATTCCTG,Klebsiella pneumoniae (taxid 573),1,0.125
CTTGGCTACATTCCTG,Prevotella (taxid 838),2,0.25
CTTGGCTACATTCCTG,Megeuptychia antonoe (taxid 270084),1,0.125
CTTGGCTACATTCCTG,Staphylococcus aureus (taxid 1280),2,0.25
CTTGGCTACATTCCTG,Sphaerobacter (taxid 2056),1,0.125
CTTGGCTACATTCCTG,Spatula rhynchotis (taxid 45633),1,0.125
TTCTACACTGCATTTA,Escherichia coli (taxid 562),5,0.625
TTCTACACTGCATTTA,Klebsiella pneumoniae (taxid 573),2,0.25
TTCTACACTGCATTTA,Spatula rhynchotis (taxid 45633),1,0.125
GCGTGTTAAAGGTGGG,Prevotella (taxid 838),2,0.25
GCGTGTTAAAGGTGGG,Escherichia coli (taxid 562),4,0.5
GCGTGTTAAAGGTGGG,Megeuptychia antonoe (taxid 270084),1,0.125
GCGTGTTAAAGGTGGG,Klebsiella pneumoniae (taxid 573),1,0.125
GTGACTAGTGGACACG,Prevotella (taxid 838),3,0.375
GTGACTAGTGGACACG,Spatula rhynchotis (taxid 45633),2,0.25
GTGACTAGTGGACACG,Staphylococcus aureus (taxid 1280),2,0.25
GTGACTAGTGGACACG,Klebsiella pneumoniae (taxid 573),1,0.125
GATAGACCCCCCTAAA,Megeuptychia antonoe (taxid 270084),1,0.14285714285714285
GATAGACCCCCCTAAA,Staphylococcus aureus (taxid 1280),2,0.2857142857142857
GATAGACCCCCCTAAA,Prevotella (taxid 838),1,0.14285714285714285
GATAGACCCCCCTAAA,Klebsiella pneumoniae (taxid 573),2,0.2857142857142857
GATAGACCCCCCTAAA,Escherichia coli (taxid 562),1,0.14285714285714285
GCCGTCTGAGAAGCGC,Escherichia coli (taxid 562),2,0.25
GCCGTCTGAGAAGCGC,Klebsiella pneumoniae (taxid 573),2,0.25
GCCGTCTGAGAAGCGC,Sphaerobacter (taxid 2056),2,0.25
GCCGTCTGAGAAGCGC,Prevotella (taxid 838),1,0.125
GCCGTCTGAGAAGCGC,Spatula rhynchotis (taxid 45633),1,0.125
GTCTGTACGGTAGGCT,Klebsiella pneumoniae (taxid 573),2,0.25
GTCTGTACGGTAGGCT,Escherichia coli (taxid 562),5,0.625
GTCTGTACGGTAGGCT,Staphylococcus aureus (taxid 1280),1,0.125
ACGTCTGGAGACTTTA,Klebsiella pneumoniae (taxid 573),2,0.25
ACGTCTGGAGACTTTA,Staphylococcus aureus (taxid 1280),1,0.125
ACGTCTGGAGACTTTA,Escherichia coli (taxid 562),2,0.25
ACGTCTGGAGACTTTA,Prevotella (taxid 838),1,0.125
ACGTCTGGAGACTTTA,Spatula rhynchotis (taxid 45633),2,0.25
CCTGGCGTGCGATGGG,Sphaerobacter (taxid 2056),1,0.125
CCTGGCGTGCGATGGG,Escherichia coli (taxid 562),3,0.375
CCTGGCGTGCGATGGG,Staphylococcus aureus (taxid 1280),4,0.5
TGCTAAAGTGACTGTA,Klebsiella pneumoniae (taxid 573),3,0.375
TGCTAAAGTGACTGTA,Spatula rhynchotis (taxid 45633),2,0.25
TGCTAAAGTGACTGTA,Sphaerobacter (taxid 2056),2,0.25
TGCTAAAGTGACTGTA,Prevotella (taxid 838),1,0.125
TCGAGTTCAGCCACGC,Staphylococcus aureus (taxid 1280),5,0.625
TCGAGTTCAGCCACGC,Escherichia coli (taxid 562),2,0.25
TCGAGTTCAGCCACGC,Klebsiella pneumoniae (taxid 573),1,0.125
AATGCTTGTAGGTCGC,Staphylococcus aureus (taxid 1280),1,0.125
AATGCTTGTAGGTCGC,Prevotella (taxid 838),1,0.125
AATGCTTGTAGGTCGC,Megeuptychia antonoe (taxid 270084),2,0.25
AATGCTTGTAGGTCGC,Spatula rhynchotis (taxid 45633),1,0.125
AATGCTTGTAGGTCGC,Klebsiella pneumoniae (taxid 573),3,0.375
TAACGGCAGCACCGTT,Megeuptychia antonoe (taxid 270084),3,0.375
TAACGGCAGCACCGTT,Klebsiella pneumoniae (taxid 573),1,0.125
TAACGGCAGCACCGTT,Prevotella (taxid 838),1,0.125
TAACGGCAGCACCGTT,Sphaerobacter (taxid 2056),1,0.125
TAACGGCAGCACCGTT,Spatula rhynchotis (taxid 45633),2,0.25
CCTTCCCCGATACTAC,Escherichia coli (taxid 562),2,0.25
CCTTCCCCGATACTAC,Staphylococcus aureus (taxid 1280),2,0.25
CCTTCCCCGATACTAC,Sphaerobacter (taxid 2056),1,0.125
CCTTCCCCGATACTAC,Klebsiella pneumoniae (taxid 573),2,0.25
CCTTCCCCGATACTAC,Prevotella (taxid 838),1,0.125
GTTCATCGGTGCAAAA,Escherichia coli (taxid 562),2,0.25
GTTCATCGGTGCAAAA,Klebsiella pneumoniae (taxid 573),2,0.25
GTTCATCGGTGCAAAA,Staphylococcus aureus (taxid 1280),2,0.25
GTTCATCGGTGCAAAA,Prevotella (taxid 838),1,0.125
GTTCATCGGTGCAAAA,Spatula rhynchotis (taxid 45633),1,0.125
GACGAAGTTGCAGTGG,Megeuptychia antonoe (taxid 270084),3,0.375
GACGAAGTTGCAGTGG,Spatula rhynchotis (taxid 45633),3,0.375
GACGAAGTTGCAGTGG,Escherichia coli (taxid 562),1,0.125
GACGAAGTTGCAGTGG,Klebsiella pneumoniae (taxid 573),1,0.125
CCAACAGCGAGGTTTG,Staphylococcus aureus (taxid 1280),1,0.125
CCAACAGCGAGGTTTG,Sphaerobacter (taxid 2056),2,0.25
CCAACAGCGAGGTTTG,Escherichia coli (taxid 562),1,0.125
CCAACAGCGAGGTTTG,Prevotella (taxid 838),1,0.125
CCAACAGCGAGGTTTG,Spatula rhynchotis (taxid 45633),2,0.25
CCAACAGCGAGGTTTG,Klebsiella pneumoniae (taxid 573),1,0.125
AGGAGACTACTCTACT,Staphylococcus aureus (taxid 1280),4,0.5
AGGAGACTACTCTACT,Escherichia coli (taxid 562),2,0.25
AGGAGACTACTCTACT,Klebsiella pneumoniae (taxid 573),2,0.25
GGTACAGTCTGACACT,Klebsiella pneumoniae (taxid 573),1,0.125
GGTACAGTCTGACACT,Escherichia coli (taxid 562),4,0.5
GGTACAGTCTGACACT,Staphylococcus aureus (taxid 1280),2,0.25
GGTACAGTCTGACACT,Prevotella (taxid 838),1,0.125
GCGTTGGACCCACTCT,Staphylococcus aureus (taxid 1280),1,0.125
GCGTTGGACCCACTCT,Escherichia coli (taxid 562),2,0.25
GCGTTGGACCCACTCT,Prevotella (taxid 838),3,0.375
GCGTTGGACCCACTCT,Klebsiella pneumoniae (taxid 573),2,0.25
TCCCACTGTGGGACCA,Staphylococcus aureus (taxid 1280),1,0.125
TCCCACTGTGGGACCA,Klebsiella pneumoniae (taxid 573),3,0.375
TCCCACTGTGGGACCA,Escherichia coli (taxid 562),3,0.375
TCCCACTGTGGGACCA,Prevotella (taxid 838),1,0.125
GGCTGTCCTCTTGGTA,Spatula rhynchotis (taxid 45633),3,0.375
GGCTGTCCTCTTGGTA,Escherichia coli (taxid 562),1,0.125
GGCTGTCCTCTTGGTA,Megeuptychia antonoe (taxid 270084),2,0.25
GGCTGTCCTCTTGGTA,Prevotella (taxid 838),1,0.125
GGCTGTCCTCTTGGTA,Sphaerobacter (taxid 2056),1,0.125
AACTGGAGGTTATATG,Klebsiella pneumoniae (taxid 573),1,0.125
AACTGGAGGTTATATG,Spatula rhynchotis (taxid 45633),1,0.125
AACTGGAGGTTATATG,Prevotella (taxid 838),3,0.375
AACTGGAGGTTATATG,Sphaerobacter (taxid 2056),1,0.125
AACTGGAGGTTATATG,Staphylococcus aureus (taxid 1280),1,0.125
AACTGGAGGTTATATG,Escherichia coli (taxid 562),1,0.125
TGATTGGTGGAGTCTC,Staphylococcus aureus (taxid 1280),2,0.2857142857142857
TGATTGGTGGAGTCTC,Escherichia coli (taxid 562),2,0.2857142857142857
TGATTGGTGGAGTCTC,Klebsiella pneumoniae (taxid 573),1,0.14285714285714285
TGATTGGTGGAGTCTC,Spatula rhynchotis (taxid 45633),2,0.2857142857142857
ACGAGATAGAGTTTTA,Klebsiella pneumoniae (taxid 573),2,0.25
ACGAGATAGAGTTTTA,Prevotella (taxid 838),3,0.375
ACGAGATAGAGTTTTA,Escherichia coli (taxid 562),1,0.125
ACGAGATAGAGTTTTA,Staphylococcus aureus (taxid 1280),1,0.125
ACGAGATAGAGTTTTA,Megeuptychia antonoe (taxid 270084),1,0.125
ACTCCACAAGTCTGCC,Spatula rhynchotis (taxid 45633),1,0.125
ACTCCACAAGTCTGCC,Prevotella (taxid 838),2,0.25
ACTCCACAAGTCTGCC,Sphaerobacter (taxid 2056),3,0.375
ACTCCACAAGTCTGCC,Klebsiella pneumoniae (taxid 573),1,0.125
ACTCCACAAGTCTGCC,Escherichia coli (taxid 562),1,0.125
AGTTGAGATCATACGC,Spatula rhynchotis (taxid 45633),1,0.125
AGTTGAGATCATACGC,Escherichia coli (taxid 562),1,0.125
AGTTGAGATCATACGC,Staphylococcus aureus (taxid 1280),3,0.375
AGTTGAGATCATACGC,Prevotella (taxid 838),3,0.375
CGAGCAGTTTATTTAG,Staphylococcus aureus (taxid 1280),2,0.25
CGAGCAGTTTATTTAG,Klebsiella pneumoniae (taxid 573),3,0.375
CGAGCAGTTTATTTAG,Prevotella (taxid 838),2,0.25
CGAGCAGTTTATTTAG,Escherichia coli (taxid 562),1,0.125
CCTAGCGGGGATCCAT,Klebsiella pneumoniae (taxid 573),4,0.5
CCTAGCGGGGATCCAT,Prevotella (taxid 838),3,0.375
CCTAGCGGGGATCCAT,Escherichia coli (taxid 562),1,0.125
ACAACTACCGAACTGC,Klebsiella pneumoniae (taxid 573),3,0.375
ACAACTACCGAACTGC,Escherichia coli (taxid 562),1,0.125
ACAACTACCGAACTGC,Spatula rhynchotis (taxid 45633),1,0.125
ACAACTACCGAACTGC,Prevotella (taxid 838),2,0.25
ACAACTACCGAACTGC,Sphaerobacter (taxid 2056),1,0.125
CCGGTCACGGCTACAA,Megeuptychia antonoe (taxid 270084),2,0.25
CCGGTCACGGCTACAA,Spatula rhynchotis (taxid 45633),2,0.25
CCGGTCACGGCTACAA,Escherichia coli (taxid 562),2,0.25
CCGGTCACGGCTACAA,Staphylococcus aureus (taxid 1280),1,0.125
CCGGTCACGGCTACAA,Prevotella (taxid 838),1,0.125
